
> n8n-monorepo@1.123.0 build:n8n /home/nxtwave/Desktop/Nxtwave-codebase/n8n-custom
> node scripts/build-n8n.mjs


===== n8n Build & Production Preparation =====
INFO: Output Directory: /home/nxtwave/Desktop/Nxtwave-codebase/n8n-custom/compiled
-----------------------------------------------
INFO: Cleaning previous output directory: /home/nxtwave/Desktop/Nxtwave-codebase/n8n-custom/compiled...
(node:13385) Warning: The 'NO_COLOR' env is ignored due to the 'FORCE_COLOR' env being set.
(Use `node --trace-warnings ...` to show where the warning was created)
INFO: Cleaning previous task runner output directory: /home/nxtwave/Desktop/Nxtwave-codebase/n8n-custom/dist/task-runner-javascript...
-----------------------------------------------
INFO: Starting local application pre-build...
INFO: Running pnpm install and build...
$ cd /home/nxtwave/Desktop/Nxtwave-codebase/n8n-custom && pnpm install --frozen-lockfile
(node:13428) Warning: The 'NO_COLOR' env is ignored due to the 'FORCE_COLOR' env being set.
(Use `pnpm --trace-warnings ...` to show where the warning was created)
$ cd /home/nxtwave/Desktop/Nxtwave-codebase/n8n-custom && pnpm build
(node:13496) Warning: The 'NO_COLOR' env is ignored due to the 'FORCE_COLOR' env being set.
(Use `pnpm --trace-warnings ...` to show where the warning was created)

> n8n-monorepo@1.123.0 build /home/nxtwave/Desktop/Nxtwave-codebase/n8n-custom
> turbo run build

turbo 2.5.4

[2m• Packages in scope: @n8n/ai-workflow-builder, @n8n/api-types, @n8n/backend-common, @n8n/backend-test-utils, @n8n/chat, @n8n/client-oauth2, @n8n/codemirror-lang, @n8n/codemirror-lang-sql, @n8n/composables, @n8n/config, @n8n/constants, @n8n/create-node, @n8n/db, @n8n/decorators, @n8n/design-system, @n8n/di, @n8n/errors, @n8n/eslint-config, @n8n/eslint-plugin-community-nodes, @n8n/extension-sdk, @n8n/i18n, @n8n/imap, @n8n/json-schema-to-zod, @n8n/n8n-benchmark, @n8n/n8n-extension-insights, @n8n/n8n-nodes-langchain, @n8n/node-cli, @n8n/permissions, @n8n/rest-api-client, @n8n/scan-community-package, @n8n/stores, @n8n/storybook, @n8n/stylelint-config, @n8n/task-runner, @n8n/typescript-config, @n8n/utils, @n8n/vitest-config, n8n, n8n-containers, n8n-core, n8n-editor-ui, n8n-node-dev, n8n-nodes-base, n8n-playwright, n8n-workflow[0m
[2m• Running [0m[1m[2mbuild[0m[2m in 45 packages
[0m[2m• Remote caching disabled[0m
[35m@n8n/client-oauth2:build: [0mcache hit, replaying logs [2mb7784b131d9351eb[0m
[35m@n8n/client-oauth2:build: [0m
[35m@n8n/client-oauth2:build: [0m
[35m@n8n/client-oauth2:build: [0m> @n8n/client-oauth2@0.33.0 build /home/nxtwave/Desktop/Nxtwave-codebase/n8n-custom/packages/@n8n/client-oauth2
[35m@n8n/client-oauth2:build: [0m> tsc -p tsconfig.build.json
[35m@n8n/client-oauth2:build: [0m
[36m@n8n/extension-sdk:build: [0mcache hit, replaying logs [2m5bfd46d20dca54c4[0m
[36m@n8n/extension-sdk:build: [0m
[36m@n8n/extension-sdk:build: [0m> @n8n/extension-sdk@0.9.0 build /home/nxtwave/Desktop/Nxtwave-codebase/n8n-custom/packages/@n8n/extension-sdk
[36m@n8n/extension-sdk:build: [0m> pnpm "/^typecheck:.+/" && pnpm clean && tsdown && pnpm create-json-schema
[36m@n8n/extension-sdk:build: [0m
[36m@n8n/extension-sdk:build: [0m
[36m@n8n/extension-sdk:build: [0m> @n8n/extension-sdk@0.9.0 clean /home/nxtwave/Desktop/Nxtwave-codebase/n8n-custom/packages/@n8n/extension-sdk
[36m@n8n/extension-sdk:build: [0m> rimraf dist
[36m@n8n/extension-sdk:build: [0m
[36m@n8n/extension-sdk:build: [0mℹ tsdown v0.16.5 powered by rolldown v1.0.0-beta.50
[36m@n8n/extension-sdk:build: [0mℹ Using tsdown config: /home/nxtwave/Desktop/Nxtwave-codebase/n8n-custom/packages/@n8n/extension-sdk/tsdown.config.ts
[36m@n8n/extension-sdk:build: [0mℹ entry: src/index.ts, src/schema.ts
[36m@n8n/extension-sdk:build: [0mℹ entry: src/backend/define.ts, src/backend/index.ts, src/backend/types.ts
[36m@n8n/extension-sdk:build: [0mℹ entry: src/frontend/define.ts, src/frontend/index.ts, src/frontend/types.ts
[36m@n8n/extension-sdk:build: [0mℹ tsconfig: tsconfig.common.json
[36m@n8n/extension-sdk:build: [0mℹ tsconfig: tsconfig.backend.json
[36m@n8n/extension-sdk:build: [0mℹ tsconfig: tsconfig.frontend.json
[36m@n8n/extension-sdk:build: [0mℹ Build start
[36m@n8n/extension-sdk:build: [0mℹ [CJS] dist/index.cjs        0.12 kB │ gzip: 0.09 kB
[36m@n8n/extension-sdk:build: [0mℹ [CJS] dist/schema.cjs       0.12 kB │ gzip: 0.09 kB
[36m@n8n/extension-sdk:build: [0mℹ [CJS] dist/schema2.cjs.map  2.62 kB │ gzip: 0.86 kB
[36m@n8n/extension-sdk:build: [0mℹ [CJS] dist/schema2.cjs      0.90 kB │ gzip: 0.39 kB
[36m@n8n/extension-sdk:build: [0mℹ [CJS] 4 files, total: 3.76 kB
[36m@n8n/extension-sdk:build: [0mℹ [CJS] dist/backend/define.cjs       0.12 kB │ gzip: 0.09 kB
[36m@n8n/extension-sdk:build: [0mℹ [CJS] dist/backend/index.cjs        0.12 kB │ gzip: 0.09 kB
[36m@n8n/extension-sdk:build: [0mℹ [CJS] dist/backend/types.cjs        0.00 kB │ gzip: 0.02 kB
[36m@n8n/extension-sdk:build: [0mℹ [CJS] dist/backend/define2.cjs.map  0.33 kB │ gzip: 0.23 kB
[36m@n8n/extension-sdk:build: [0mℹ [CJS] dist/backend/define2.cjs      0.29 kB │ gzip: 0.20 kB
[36m@n8n/extension-sdk:build: [0mℹ [CJS] 5 files, total: 0.86 kB
[36m@n8n/extension-sdk:build: [0mℹ [CJS] dist/frontend/define.cjs       0.12 kB │ gzip: 0.09 kB
[36m@n8n/extension-sdk:build: [0mℹ [CJS] dist/frontend/index.cjs        0.12 kB │ gzip: 0.09 kB
[36m@n8n/extension-sdk:build: [0mℹ [CJS] dist/frontend/types.cjs        0.00 kB │ gzip: 0.02 kB
[36m@n8n/extension-sdk:build: [0mℹ [CJS] dist/frontend/define2.cjs.map  0.33 kB │ gzip: 0.23 kB
[36m@n8n/extension-sdk:build: [0mℹ [CJS] dist/frontend/define2.cjs      0.30 kB │ gzip: 0.20 kB
[36m@n8n/extension-sdk:build: [0mℹ [CJS] 5 files, total: 0.87 kB
[36m@n8n/extension-sdk:build: [0mℹ [ESM] dist/index.mjs        0.10 kB │ gzip: 0.09 kB
[36m@n8n/extension-sdk:build: [0mℹ [ESM] dist/schema.mjs       0.10 kB │ gzip: 0.09 kB
[36m@n8n/extension-sdk:build: [0mℹ [ESM] dist/schema2.mjs.map  2.59 kB │ gzip: 0.86 kB
[36m@n8n/extension-sdk:build: [0mℹ [ESM] dist/schema2.mjs      0.70 kB │ gzip: 0.33 kB
[36m@n8n/extension-sdk:build: [0mℹ [ESM] dist/index.d.mts      0.14 kB │ gzip: 0.10 kB
[36m@n8n/extension-sdk:build: [0mℹ [ESM] dist/schema.d.mts     0.14 kB │ gzip: 0.10 kB
[36m@n8n/extension-sdk:build: [0mℹ [ESM] dist/schema2.d.mts    2.37 kB │ gzip: 0.49 kB
[36m@n8n/extension-sdk:build: [0mℹ [ESM] 7 files, total: 6.13 kB
[36m@n8n/extension-sdk:build: [0mℹ [ESM] dist/frontend/define.mjs       0.10 kB │ gzip: 0.09 kB
[36m@n8n/extension-sdk:build: [0mℹ [ESM] dist/frontend/index.mjs        0.10 kB │ gzip: 0.09 kB
[36m@n8n/extension-sdk:build: [0mℹ [ESM] dist/frontend/types.mjs        0.01 kB │ gzip: 0.03 kB
[36m@n8n/extension-sdk:build: [0mℹ [ESM] dist/frontend/define2.mjs.map  0.33 kB │ gzip: 0.23 kB
[36m@n8n/extension-sdk:build: [0mℹ [ESM] dist/frontend/define2.mjs      0.19 kB │ gzip: 0.15 kB
[36m@n8n/extension-sdk:build: [0mℹ [ESM] dist/frontend/index.d.mts      0.28 kB │ gzip: 0.13 kB
[36m@n8n/extension-sdk:build: [0mℹ [ESM] dist/frontend/types.d.mts      0.20 kB │ gzip: 0.11 kB
[36m@n8n/extension-sdk:build: [0mℹ [ESM] dist/frontend/define.d.mts     0.12 kB │ gzip: 0.10 kB
[36m@n8n/extension-sdk:build: [0mℹ [ESM] dist/frontend/types2.d.mts     0.57 kB │ gzip: 0.28 kB
[36m@n8n/extension-sdk:build: [0mℹ [ESM] dist/frontend/define2.d.mts    0.27 kB │ gzip: 0.18 kB
[36m@n8n/extension-sdk:build: [0mℹ [ESM] 10 files, total: 2.18 kB
[36m@n8n/extension-sdk:build: [0mℹ [ESM] dist/backend/define.mjs       0.10 kB │ gzip: 0.09 kB
[36m@n8n/extension-sdk:build: [0mℹ [ESM] dist/backend/index.mjs        0.10 kB │ gzip: 0.09 kB
[36m@n8n/extension-sdk:build: [0mℹ [ESM] dist/backend/types.mjs        0.01 kB │ gzip: 0.03 kB
[36m@n8n/extension-sdk:build: [0mℹ [ESM] dist/backend/define2.mjs.map  0.33 kB │ gzip: 0.23 kB
[36m@n8n/extension-sdk:build: [0mℹ [ESM] dist/backend/define2.mjs      0.19 kB │ gzip: 0.15 kB
[36m@n8n/extension-sdk:build: [0mℹ [ESM] dist/backend/index.d.mts      0.28 kB │ gzip: 0.13 kB
[36m@n8n/extension-sdk:build: [0mℹ [ESM] dist/backend/types.d.mts      0.19 kB │ gzip: 0.11 kB
[36m@n8n/extension-sdk:build: [0mℹ [ESM] dist/backend/define.d.mts     0.12 kB │ gzip: 0.10 kB
[36m@n8n/extension-sdk:build: [0mℹ [ESM] dist/backend/types2.d.mts     0.36 kB │ gzip: 0.20 kB
[36m@n8n/extension-sdk:build: [0mℹ [ESM] dist/backend/define2.d.mts    0.27 kB │ gzip: 0.17 kB
[36m@n8n/extension-sdk:build: [0mℹ [ESM] 10 files, total: 1.94 kB
[36m@n8n/extension-sdk:build: [0mℹ [CJS] dist/index.d.cts    0.14 kB │ gzip: 0.10 kB
[36m@n8n/extension-sdk:build: [0mℹ [CJS] dist/schema.d.cts   0.14 kB │ gzip: 0.10 kB
[36m@n8n/extension-sdk:build: [0mℹ [CJS] dist/schema2.d.cts  2.37 kB │ gzip: 0.49 kB
[36m@n8n/extension-sdk:build: [0mℹ [CJS] 3 files, total: 2.65 kB
[36m@n8n/extension-sdk:build: [0m✔ Build complete in 4998ms
[36m@n8n/extension-sdk:build: [0mℹ [CJS] dist/backend/index.d.cts    0.28 kB │ gzip: 0.13 kB
[36m@n8n/extension-sdk:build: [0mℹ [CJS] dist/backend/types.d.cts    0.19 kB │ gzip: 0.11 kB
[36m@n8n/extension-sdk:build: [0mℹ [CJS] dist/backend/define.d.cts   0.12 kB │ gzip: 0.10 kB
[36m@n8n/extension-sdk:build: [0mℹ [CJS] dist/backend/types2.d.cts   0.36 kB │ gzip: 0.20 kB
[36m@n8n/extension-sdk:build: [0mℹ [CJS] dist/backend/define2.d.cts  0.27 kB │ gzip: 0.18 kB
[36m@n8n/extension-sdk:build: [0mℹ [CJS] 5 files, total: 1.22 kB
[36m@n8n/extension-sdk:build: [0m✔ Build complete in 5000ms
[36m@n8n/extension-sdk:build: [0mℹ [CJS] dist/frontend/index.d.cts    0.28 kB │ gzip: 0.13 kB
[36m@n8n/extension-sdk:build: [0mℹ [CJS] dist/frontend/types.d.cts    0.20 kB │ gzip: 0.11 kB
[36m@n8n/extension-sdk:build: [0mℹ [CJS] dist/frontend/define.d.cts   0.12 kB │ gzip: 0.10 kB
[36m@n8n/extension-sdk:build: [0mℹ [CJS] dist/frontend/types2.d.cts   0.57 kB │ gzip: 0.28 kB
[36m@n8n/extension-sdk:build: [0mℹ [CJS] dist/frontend/define2.d.cts  0.27 kB │ gzip: 0.18 kB
[36m@n8n/extension-sdk:build: [0mℹ [CJS] 5 files, total: 1.45 kB
[36m@n8n/extension-sdk:build: [0m✔ Build complete in 5001ms
[36m@n8n/extension-sdk:build: [0m
[36m@n8n/extension-sdk:build: [0m> @n8n/extension-sdk@0.9.0 create-json-schema /home/nxtwave/Desktop/Nxtwave-codebase/n8n-custom/packages/@n8n/extension-sdk
[36m@n8n/extension-sdk:build: [0m> tsx scripts/create-json-schema.ts
[36m@n8n/extension-sdk:build: [0m
[35m@n8n/constants:build: [0mcache hit, replaying logs [2m4f9cd03b6637dc06[0m
[35m@n8n/constants:build: [0m
[35m@n8n/constants:build: [0m
[35m@n8n/constants:build: [0m> @n8n/constants@0.14.0 build /home/nxtwave/Desktop/Nxtwave-codebase/n8n-custom/packages/@n8n/constants
[35m@n8n/constants:build: [0m> tsc -p tsconfig.build.json
[35m@n8n/constants:build: [0m
[32m@n8n/errors:build: [0mcache hit, replaying logs [2m25b2d37253333972[0m
[32m@n8n/errors:build: [0m
[32m@n8n/errors:build: [0m
[32m@n8n/errors:build: [0m> @n8n/errors@0.5.0 build /home/nxtwave/Desktop/Nxtwave-codebase/n8n-custom/packages/@n8n/errors
[32m@n8n/errors:build: [0m> tsc -p tsconfig.build.json
[32m@n8n/errors:build: [0m
[33m@n8n/permissions:build: [0mcache hit, replaying logs [2m9f440e54cc83d83b[0m
[33m@n8n/permissions:build: [0m
[33m@n8n/permissions:build: [0m
[33m@n8n/permissions:build: [0m> @n8n/permissions@0.43.0 build /home/nxtwave/Desktop/Nxtwave-codebase/n8n-custom/packages/@n8n/permissions
[33m@n8n/permissions:build: [0m> tsc -p tsconfig.build.json
[33m@n8n/permissions:build: [0m
[32m@n8n/codemirror-lang:build: [0mcache hit, replaying logs [2me47b22cb9fcc67ee[0m
[32m@n8n/codemirror-lang:build: [0m
[32m@n8n/codemirror-lang:build: [0m
[32m@n8n/codemirror-lang:build: [0m> @n8n/codemirror-lang@0.3.0 build /home/nxtwave/Desktop/Nxtwave-codebase/n8n-custom/packages/@n8n/codemirror-lang
[32m@n8n/codemirror-lang:build: [0m> tsc -p tsconfig.build.json
[32m@n8n/codemirror-lang:build: [0m
[35m@n8n/di:build: [0mcache hit, replaying logs [2m6830daeff83cf23c[0m
[35m@n8n/di:build: [0m
[35m@n8n/di:build: [0m
[35m@n8n/di:build: [0m> @n8n/di@0.10.0 build /home/nxtwave/Desktop/Nxtwave-codebase/n8n-custom/packages/@n8n/di
[35m@n8n/di:build: [0m> tsc -p tsconfig.build.json
[35m@n8n/di:build: [0m
[32m@n8n/vitest-config:build: [0mcache hit, replaying logs [2mb7aacad6ce33523f[0m
[32m@n8n/vitest-config:build: [0m
[32m@n8n/vitest-config:build: [0m
[32m@n8n/vitest-config:build: [0m> @n8n/vitest-config@1.5.0 build /home/nxtwave/Desktop/Nxtwave-codebase/n8n-custom/packages/@n8n/vitest-config
[32m@n8n/vitest-config:build: [0m> tsc -p tsconfig.build.json
[32m@n8n/vitest-config:build: [0m
[33m@n8n/stylelint-config:build: [0mcache hit, replaying logs [2m06245f4e6ce60388[0m
[33m@n8n/stylelint-config:build: [0m
[33m@n8n/stylelint-config:build: [0m
[33m@n8n/stylelint-config:build: [0m> @n8n/stylelint-config@0.0.1 build /home/nxtwave/Desktop/Nxtwave-codebase/n8n-custom/packages/@n8n/stylelint-config
[33m@n8n/stylelint-config:build: [0m> tsc
[33m@n8n/stylelint-config:build: [0m
[33m@n8n/codemirror-lang-sql:build: [0mcache hit, replaying logs [2meb6584decf13f655[0m
[33m@n8n/codemirror-lang-sql:build: [0m
[33m@n8n/codemirror-lang-sql:build: [0m
[33m@n8n/codemirror-lang-sql:build: [0m> @n8n/codemirror-lang-sql@1.3.0 build /home/nxtwave/Desktop/Nxtwave-codebase/n8n-custom/packages/@n8n/codemirror-lang-sql
[33m@n8n/codemirror-lang-sql:build: [0m> tsc -p tsconfig.build.json
[33m@n8n/codemirror-lang-sql:build: [0m
[33m@n8n/json-schema-to-zod:build: [0mcache hit, replaying logs [2mdaf4c974cc326376[0m
[33m@n8n/json-schema-to-zod:build: [0m
[33m@n8n/json-schema-to-zod:build: [0m> @n8n/json-schema-to-zod@1.6.0 build /home/nxtwave/Desktop/Nxtwave-codebase/n8n-custom/packages/@n8n/json-schema-to-zod
[33m@n8n/json-schema-to-zod:build: [0m> rimraf ./dist && pnpm run build:types && pnpm run build:cjs && pnpm run build:esm
[33m@n8n/json-schema-to-zod:build: [0m
[33m@n8n/json-schema-to-zod:build: [0m
[33m@n8n/json-schema-to-zod:build: [0m> @n8n/json-schema-to-zod@1.6.0 build:types /home/nxtwave/Desktop/Nxtwave-codebase/n8n-custom/packages/@n8n/json-schema-to-zod
[33m@n8n/json-schema-to-zod:build: [0m> tsc -p tsconfig.types.json
[33m@n8n/json-schema-to-zod:build: [0m
[33m@n8n/json-schema-to-zod:build: [0m
[33m@n8n/json-schema-to-zod:build: [0m> @n8n/json-schema-to-zod@1.6.0 build:cjs /home/nxtwave/Desktop/Nxtwave-codebase/n8n-custom/packages/@n8n/json-schema-to-zod
[33m@n8n/json-schema-to-zod:build: [0m> tsc -p tsconfig.cjs.json && node postcjs.cjs
[33m@n8n/json-schema-to-zod:build: [0m
[33m@n8n/json-schema-to-zod:build: [0m
[33m@n8n/json-schema-to-zod:build: [0m> @n8n/json-schema-to-zod@1.6.0 build:esm /home/nxtwave/Desktop/Nxtwave-codebase/n8n-custom/packages/@n8n/json-schema-to-zod
[33m@n8n/json-schema-to-zod:build: [0m> tsc -p tsconfig.esm.json && node postesm.cjs
[33m@n8n/json-schema-to-zod:build: [0m
[33m@n8n/eslint-config:build: [0mcache hit, replaying logs [2m86eefb2db2e4afec[0m
[33m@n8n/eslint-config:build: [0m
[33m@n8n/eslint-config:build: [0m
[33m@n8n/eslint-config:build: [0m> @n8n/eslint-config@0.0.1 build /home/nxtwave/Desktop/Nxtwave-codebase/n8n-custom/packages/@n8n/eslint-config
[33m@n8n/eslint-config:build: [0m> tsc
[33m@n8n/eslint-config:build: [0m
[32m@n8n/imap:build: [0mcache hit, replaying logs [2mc8f9c96667a915aa[0m
[32m@n8n/imap:build: [0m
[32m@n8n/imap:build: [0m
[32m@n8n/imap:build: [0m> @n8n/imap@0.16.0 build /home/nxtwave/Desktop/Nxtwave-codebase/n8n-custom/packages/@n8n/imap
[32m@n8n/imap:build: [0m> tsc -p tsconfig.build.json
[32m@n8n/imap:build: [0m
[34m@n8n/n8n-benchmark:build: [0mcache hit, replaying logs [2mb16308dc99a4713f[0m
[34m@n8n/n8n-benchmark:build: [0m
[34m@n8n/n8n-benchmark:build: [0m
[34m@n8n/n8n-benchmark:build: [0m> @n8n/n8n-benchmark@1.30.0 build /home/nxtwave/Desktop/Nxtwave-codebase/n8n-custom/packages/@n8n/benchmark
[34m@n8n/n8n-benchmark:build: [0m> tsc -p tsconfig.build.json && tsc-alias -p tsconfig.build.json
[34m@n8n/n8n-benchmark:build: [0m
[34m@n8n/eslint-plugin-community-nodes:build: [0mcache hit, replaying logs [2m3e25943cb34b04a7[0m
[34m@n8n/eslint-plugin-community-nodes:build: [0m
[34m@n8n/eslint-plugin-community-nodes:build: [0m
[34m@n8n/eslint-plugin-community-nodes:build: [0m> @n8n/eslint-plugin-community-nodes@0.7.0 build /home/nxtwave/Desktop/Nxtwave-codebase/n8n-custom/packages/@n8n/eslint-plugin-community-nodes
[34m@n8n/eslint-plugin-community-nodes:build: [0m> tsc --project tsconfig.build.json
[34m@n8n/eslint-plugin-community-nodes:build: [0m
[36m@n8n/n8n-extension-insights:build: [0mcache hit, replaying logs [2m76bf243e5c6d19a7[0m
[36m@n8n/n8n-extension-insights:build: [0m
[36m@n8n/n8n-extension-insights:build: [0m
[36m@n8n/n8n-extension-insights:build: [0m> @n8n/n8n-extension-insights@0.11.0 build /home/nxtwave/Desktop/Nxtwave-codebase/n8n-custom/packages/extensions/insights
[36m@n8n/n8n-extension-insights:build: [0m> pnpm cleanup && pnpm run "/^build:.*/"
[36m@n8n/n8n-extension-insights:build: [0m
[36m@n8n/n8n-extension-insights:build: [0m
[36m@n8n/n8n-extension-insights:build: [0m> @n8n/n8n-extension-insights@0.11.0 cleanup /home/nxtwave/Desktop/Nxtwave-codebase/n8n-custom/packages/extensions/insights
[36m@n8n/n8n-extension-insights:build: [0m> rimraf dist
[36m@n8n/n8n-extension-insights:build: [0m
[36m@n8n/config:build: [0mcache hit, replaying logs [2m0437d9f6799d4c4a[0m
[36m@n8n/config:build: [0m
[36m@n8n/config:build: [0m
[36m@n8n/config:build: [0m> @n8n/config@1.65.0 build /home/nxtwave/Desktop/Nxtwave-codebase/n8n-custom/packages/@n8n/config
[36m@n8n/config:build: [0m> tsc -p tsconfig.build.json
[36m@n8n/config:build: [0m
[34m@n8n/composables:build: [0mcache hit, replaying logs [2mb957cdd4f07c9587[0m
[34m@n8n/composables:build: [0m
[34m@n8n/composables:build: [0m
[34m@n8n/composables:build: [0m> @n8n/composables@1.13.0 build /home/nxtwave/Desktop/Nxtwave-codebase/n8n-custom/packages/frontend/@n8n/composables
[34m@n8n/composables:build: [0m> tsdown
[34m@n8n/composables:build: [0m
[34m@n8n/composables:build: [0m[34mℹ[39m tsdown [2mv0.16.5[22m powered by rolldown [2mv1.0.0-beta.50[22m
[34m@n8n/composables:build: [0m[34mℹ[39m Using tsdown config: [4m/home/nxtwave/Desktop/Nxtwave-codebase/n8n-custom/packages/frontend/@n8n/composables/tsdown.config.ts[24m
[34m@n8n/composables:build: [0m[34mℹ[39m entry: [34msrc/useDeviceSupport.ts, src/useShortKeyPress.ts, src/useThrottleWithReactiveDelay.ts[39m
[34m@n8n/composables:build: [0m[34mℹ[39m tsconfig: [34mtsconfig.json[39m
[34m@n8n/composables:build: [0m[34mℹ[39m Build start
[34m@n8n/composables:build: [0m[34mℹ[39m Cleaning 18 files
[34m@n8n/composables:build: [0m[34mℹ[39m [33m[CJS][39m [2mdist/[22m[1museDeviceSupport.cjs[22m                  [2m1.76 kB[22m [2m│ gzip: 0.70 kB[22m
[34m@n8n/composables:build: [0m[34mℹ[39m [33m[CJS][39m [2mdist/[22m[1museShortKeyPress.cjs[22m                  [2m0.64 kB[22m [2m│ gzip: 0.33 kB[22m
[34m@n8n/composables:build: [0m[34mℹ[39m [33m[CJS][39m [2mdist/[22m[1museThrottleWithReactiveDelay.cjs[22m      [2m0.61 kB[22m [2m│ gzip: 0.33 kB[22m
[34m@n8n/composables:build: [0m[34mℹ[39m [33m[CJS][39m [2mdist/[22museDeviceSupport.cjs.map              [2m2.58 kB[22m [2m│ gzip: 1.07 kB[22m
[34m@n8n/composables:build: [0m[34mℹ[39m [33m[CJS][39m [2mdist/[22museShortKeyPress.cjs.map              [2m1.26 kB[22m [2m│ gzip: 0.64 kB[22m
[34m@n8n/composables:build: [0m[34mℹ[39m [33m[CJS][39m [2mdist/[22museThrottleWithReactiveDelay.cjs.map  [2m0.88 kB[22m [2m│ gzip: 0.49 kB[22m
[34m@n8n/composables:build: [0m[34mℹ[39m [33m[CJS][39m 6 files, total: 7.73 kB
[34m@n8n/composables:build: [0m[34mℹ[39m [34m[ESM][39m [2mdist/[22m[1museDeviceSupport.mjs[22m                  [2m1.68 kB[22m [2m│ gzip: 0.69 kB[22m
[34m@n8n/composables:build: [0m[34mℹ[39m [34m[ESM][39m [2mdist/[22m[1museShortKeyPress.mjs[22m                  [2m0.57 kB[22m [2m│ gzip: 0.32 kB[22m
[34m@n8n/composables:build: [0m[34mℹ[39m [34m[ESM][39m [2mdist/[22m[1museThrottleWithReactiveDelay.mjs[22m      [2m0.56 kB[22m [2m│ gzip: 0.31 kB[22m
[34m@n8n/composables:build: [0m[34mℹ[39m [34m[ESM][39m [2mdist/[22museDeviceSupport.mjs.map              [2m2.62 kB[22m [2m│ gzip: 1.07 kB[22m
[34m@n8n/composables:build: [0m[34mℹ[39m [34m[ESM][39m [2mdist/[22museShortKeyPress.mjs.map              [2m1.27 kB[22m [2m│ gzip: 0.64 kB[22m
[34m@n8n/composables:build: [0m[34mℹ[39m [34m[ESM][39m [2mdist/[22museThrottleWithReactiveDelay.mjs.map  [2m0.89 kB[22m [2m│ gzip: 0.48 kB[22m
[34m@n8n/composables:build: [0m[34mℹ[39m [34m[ESM][39m [2mdist/[22m[32m[1museDeviceSupport.d.mts[22m[39m                [2m0.47 kB[22m [2m│ gzip: 0.29 kB[22m
[34m@n8n/composables:build: [0m[34mℹ[39m [34m[ESM][39m [2mdist/[22m[32m[1museShortKeyPress.d.mts[22m[39m                [2m0.41 kB[22m [2m│ gzip: 0.25 kB[22m
[34m@n8n/composables:build: [0m[34mℹ[39m [34m[ESM][39m [2mdist/[22m[32m[1museThrottleWithReactiveDelay.d.mts[22m[39m    [2m0.30 kB[22m [2m│ gzip: 0.19 kB[22m
[34m@n8n/composables:build: [0m[34mℹ[39m [34m[ESM][39m 9 files, total: 8.78 kB
[34m@n8n/composables:build: [0m[34mℹ[39m [33m[CJS][39m [2mdist/[22m[32m[1museDeviceSupport.d.cts[22m[39m              [2m0.47 kB[22m [2m│ gzip: 0.29 kB[22m
[34m@n8n/composables:build: [0m[34mℹ[39m [33m[CJS][39m [2mdist/[22m[32m[1museShortKeyPress.d.cts[22m[39m              [2m0.41 kB[22m [2m│ gzip: 0.25 kB[22m
[34m@n8n/composables:build: [0m[34mℹ[39m [33m[CJS][39m [2mdist/[22m[32m[1museThrottleWithReactiveDelay.d.cts[22m[39m  [2m0.30 kB[22m [2m│ gzip: 0.19 kB[22m
[34m@n8n/composables:build: [0m[34mℹ[39m [33m[CJS][39m 3 files, total: 1.18 kB
[34m@n8n/composables:build: [0m[32m✔[39m Build complete in [32m1791ms[39m
[35m@n8n/utils:build: [0mcache hit, replaying logs [2m2c34166ac5b4a210[0m
[35m@n8n/utils:build: [0m
[35m@n8n/utils:build: [0m
[35m@n8n/utils:build: [0m> @n8n/utils@1.20.0 build /home/nxtwave/Desktop/Nxtwave-codebase/n8n-custom/packages/@n8n/utils
[35m@n8n/utils:build: [0m> tsdown
[35m@n8n/utils:build: [0m
[35m@n8n/utils:build: [0m[34mℹ[39m tsdown [2mv0.16.5[22m powered by rolldown [2mv1.0.0-beta.50[22m
[35m@n8n/utils:build: [0m[34mℹ[39m Using tsdown config: [4m/home/nxtwave/Desktop/Nxtwave-codebase/n8n-custom/packages/@n8n/utils/tsdown.config.ts[24m
[35m@n8n/utils:build: [0m[34mℹ[39m entry: [34msrc/assert.ts, src/event-bus.ts, src/event-queue.ts, src/index.ts, src/retry.ts, src/files/sanitize.ts, src/search/reRankSearchResults.ts, src/search/sublimeSearch.ts, src/number/smartDecimal.ts, src/sort/sortByProperty.ts, src/string/truncate.ts[39m
[35m@n8n/utils:build: [0m[34mℹ[39m tsconfig: [34mtsconfig.json[39m
[35m@n8n/utils:build: [0m[34mℹ[39m Build start
[35m@n8n/utils:build: [0m[34mℹ[39m [33m[CJS][39m [2mdist/[22m[1mindex.cjs[22m                       [2m 1.27 kB[22m [2m│ gzip: 0.33 kB[22m
[35m@n8n/utils:build: [0m[34mℹ[39m [33m[CJS][39m [2mdist/[22m[1msearch/sublimeSearch.cjs[22m        [2m 0.18 kB[22m [2m│ gzip: 0.10 kB[22m
[35m@n8n/utils:build: [0m[34mℹ[39m [33m[CJS][39m [2mdist/[22m[1mstring/truncate.cjs[22m             [2m 0.17 kB[22m [2m│ gzip: 0.09 kB[22m
[35m@n8n/utils:build: [0m[34mℹ[39m [33m[CJS][39m [2mdist/[22m[1msearch/reRankSearchResults.cjs[22m  [2m 0.15 kB[22m [2m│ gzip: 0.09 kB[22m
[35m@n8n/utils:build: [0m[34mℹ[39m [33m[CJS][39m [2mdist/[22m[1msort/sortByProperty.cjs[22m         [2m 0.13 kB[22m [2m│ gzip: 0.08 kB[22m
[35m@n8n/utils:build: [0m[34mℹ[39m [33m[CJS][39m [2mdist/[22m[1mevent-queue.cjs[22m                 [2m 0.12 kB[22m [2m│ gzip: 0.09 kB[22m
[35m@n8n/utils:build: [0m[34mℹ[39m [33m[CJS][39m [2mdist/[22m[1mnumber/smartDecimal.cjs[22m         [2m 0.12 kB[22m [2m│ gzip: 0.08 kB[22m
[35m@n8n/utils:build: [0m[34mℹ[39m [33m[CJS][39m [2mdist/[22m[1mfiles/sanitize.cjs[22m              [2m 0.12 kB[22m [2m│ gzip: 0.09 kB[22m
[35m@n8n/utils:build: [0m[34mℹ[39m [33m[CJS][39m [2mdist/[22m[1mevent-bus.cjs[22m                   [2m 0.11 kB[22m [2m│ gzip: 0.09 kB[22m
[35m@n8n/utils:build: [0m[34mℹ[39m [33m[CJS][39m [2mdist/[22m[1massert.cjs[22m                      [2m 0.09 kB[22m [2m│ gzip: 0.07 kB[22m
[35m@n8n/utils:build: [0m[34mℹ[39m [33m[CJS][39m [2mdist/[22m[1mretry.cjs[22m                       [2m 0.08 kB[22m [2m│ gzip: 0.07 kB[22m
[35m@n8n/utils:build: [0m[34mℹ[39m [33m[CJS][39m [2mdist/[22msublimeSearch.cjs.map           [2m11.66 kB[22m [2m│ gzip: 3.92 kB[22m
[35m@n8n/utils:build: [0m[34mℹ[39m [33m[CJS][39m [2mdist/[22msublimeSearch.cjs               [2m 5.53 kB[22m [2m│ gzip: 1.80 kB[22m
[35m@n8n/utils:build: [0m[34mℹ[39m [33m[CJS][39m [2mdist/[22mevent-bus2.cjs.map              [2m 2.93 kB[22m [2m│ gzip: 0.99 kB[22m
[35m@n8n/utils:build: [0m[34mℹ[39m [33m[CJS][39m [2mdist/[22msanitize.cjs.map                [2m 2.91 kB[22m [2m│ gzip: 1.25 kB[22m
[35m@n8n/utils:build: [0m[34mℹ[39m [33m[CJS][39m [2mdist/[22mretry2.cjs.map                  [2m 2.35 kB[22m [2m│ gzip: 1.05 kB[22m
[35m@n8n/utils:build: [0m[34mℹ[39m [33m[CJS][39m [2mdist/[22mtruncate.cjs.map                [2m 2.33 kB[22m [2m│ gzip: 1.00 kB[22m
[35m@n8n/utils:build: [0m[34mℹ[39m [33m[CJS][39m [2mdist/[22msanitize.cjs                    [2m 1.91 kB[22m [2m│ gzip: 0.90 kB[22m
[35m@n8n/utils:build: [0m[34mℹ[39m [33m[CJS][39m [2mdist/[22mevent-queue2.cjs.map            [2m 1.75 kB[22m [2m│ gzip: 0.83 kB[22m
[35m@n8n/utils:build: [0m[34mℹ[39m [33m[CJS][39m [2mdist/[22mtruncate.cjs                    [2m 1.54 kB[22m [2m│ gzip: 0.68 kB[22m
[35m@n8n/utils:build: [0m[34mℹ[39m [33m[CJS][39m [2mdist/[22mretry2.cjs                      [2m 1.54 kB[22m [2m│ gzip: 0.71 kB[22m
[35m@n8n/utils:build: [0m[34mℹ[39m [33m[CJS][39m [2mdist/[22mreRankSearchResults.cjs.map     [2m 1.27 kB[22m [2m│ gzip: 0.63 kB[22m
[35m@n8n/utils:build: [0m[34mℹ[39m [33m[CJS][39m [2mdist/[22mevent-bus2.cjs                  [2m 1.11 kB[22m [2m│ gzip: 0.52 kB[22m
[35m@n8n/utils:build: [0m[34mℹ[39m [33m[CJS][39m [2mdist/[22mevent-queue2.cjs                [2m 1.10 kB[22m [2m│ gzip: 0.53 kB[22m
[35m@n8n/utils:build: [0m[34mℹ[39m [33m[CJS][39m [2mdist/[22msortByProperty.cjs.map          [2m 0.67 kB[22m [2m│ gzip: 0.41 kB[22m
[35m@n8n/utils:build: [0m[34mℹ[39m [33m[CJS][39m [2mdist/[22mreRankSearchResults.cjs         [2m 0.65 kB[22m [2m│ gzip: 0.34 kB[22m
[35m@n8n/utils:build: [0m[34mℹ[39m [33m[CJS][39m [2mdist/[22msmartDecimal.cjs.map            [2m 0.63 kB[22m [2m│ gzip: 0.37 kB[22m
[35m@n8n/utils:build: [0m[34mℹ[39m [33m[CJS][39m [2mdist/[22msortByProperty.cjs              [2m 0.47 kB[22m [2m│ gzip: 0.30 kB[22m
[35m@n8n/utils:build: [0m[34mℹ[39m [33m[CJS][39m [2mdist/[22massert2.cjs.map                 [2m 0.46 kB[22m [2m│ gzip: 0.33 kB[22m
[35m@n8n/utils:build: [0m[34mℹ[39m [33m[CJS][39m [2mdist/[22msmartDecimal.cjs                [2m 0.42 kB[22m [2m│ gzip: 0.28 kB[22m
[35m@n8n/utils:build: [0m[34mℹ[39m [33m[CJS][39m [2mdist/[22massert2.cjs                     [2m 0.32 kB[22m [2m│ gzip: 0.24 kB[22m
[35m@n8n/utils:build: [0m[34mℹ[39m [33m[CJS][39m 31 files, total: 44.11 kB
[35m@n8n/utils:build: [0m[34mℹ[39m [34m[ESM][39m [2mdist/[22m[1mindex.mjs[22m                         [2m 0.78 kB[22m [2m│ gzip: 0.28 kB[22m
[35m@n8n/utils:build: [0m[34mℹ[39m [34m[ESM][39m [2mdist/[22m[1msearch/sublimeSearch.mjs[22m          [2m 0.12 kB[22m [2m│ gzip: 0.10 kB[22m
[35m@n8n/utils:build: [0m[34mℹ[39m [34m[ESM][39m [2mdist/[22m[1mstring/truncate.mjs[22m               [2m 0.12 kB[22m [2m│ gzip: 0.09 kB[22m
[35m@n8n/utils:build: [0m[34mℹ[39m [34m[ESM][39m [2mdist/[22m[1msearch/reRankSearchResults.mjs[22m    [2m 0.10 kB[22m [2m│ gzip: 0.08 kB[22m
[35m@n8n/utils:build: [0m[34mℹ[39m [34m[ESM][39m [2mdist/[22m[1mevent-queue.mjs[22m                   [2m 0.09 kB[22m [2m│ gzip: 0.08 kB[22m
[35m@n8n/utils:build: [0m[34mℹ[39m [34m[ESM][39m [2mdist/[22m[1msort/sortByProperty.mjs[22m           [2m 0.09 kB[22m [2m│ gzip: 0.08 kB[22m
[35m@n8n/utils:build: [0m[34mℹ[39m [34m[ESM][39m [2mdist/[22m[1mfiles/sanitize.mjs[22m                [2m 0.09 kB[22m [2m│ gzip: 0.08 kB[22m
[35m@n8n/utils:build: [0m[34mℹ[39m [34m[ESM][39m [2mdist/[22m[1mevent-bus.mjs[22m                     [2m 0.08 kB[22m [2m│ gzip: 0.08 kB[22m
[35m@n8n/utils:build: [0m[34mℹ[39m [34m[ESM][39m [2mdist/[22m[1mnumber/smartDecimal.mjs[22m           [2m 0.08 kB[22m [2m│ gzip: 0.07 kB[22m
[35m@n8n/utils:build: [0m[34mℹ[39m [34m[ESM][39m [2mdist/[22m[1massert.mjs[22m                        [2m 0.06 kB[22m [2m│ gzip: 0.07 kB[22m
[35m@n8n/utils:build: [0m[34mℹ[39m [34m[ESM][39m [2mdist/[22m[1mretry.mjs[22m                         [2m 0.06 kB[22m [2m│ gzip: 0.07 kB[22m
[35m@n8n/utils:build: [0m[34mℹ[39m [34m[ESM][39m [2mdist/[22msublimeSearch.mjs.map             [2m11.66 kB[22m [2m│ gzip: 3.92 kB[22m
[35m@n8n/utils:build: [0m[34mℹ[39m [34m[ESM][39m [2mdist/[22msublimeSearch.mjs                 [2m 5.33 kB[22m [2m│ gzip: 1.75 kB[22m
[35m@n8n/utils:build: [0m[34mℹ[39m [34m[ESM][39m [2mdist/[22mevent-bus2.mjs.map                [2m 2.93 kB[22m [2m│ gzip: 0.99 kB[22m
[35m@n8n/utils:build: [0m[34mℹ[39m [34m[ESM][39m [2mdist/[22msanitize.mjs.map                  [2m 2.91 kB[22m [2m│ gzip: 1.25 kB[22m
[35m@n8n/utils:build: [0m[34mℹ[39m [34m[ESM][39m [2mdist/[22mretry2.mjs.map                    [2m 2.35 kB[22m [2m│ gzip: 1.05 kB[22m
[35m@n8n/utils:build: [0m[34mℹ[39m [34m[ESM][39m [2mdist/[22mtruncate.mjs.map                  [2m 2.33 kB[22m [2m│ gzip: 1.00 kB[22m
[35m@n8n/utils:build: [0m[34mℹ[39m [34m[ESM][39m [2mdist/[22msanitize.mjs                      [2m 1.82 kB[22m [2m│ gzip: 0.84 kB[22m
[35m@n8n/utils:build: [0m[34mℹ[39m [34m[ESM][39m [2mdist/[22mevent-queue2.mjs.map              [2m 1.75 kB[22m [2m│ gzip: 0.83 kB[22m
[35m@n8n/utils:build: [0m[34mℹ[39m [34m[ESM][39m [2mdist/[22mretry2.mjs                        [2m 1.45 kB[22m [2m│ gzip: 0.67 kB[22m
[35m@n8n/utils:build: [0m[34mℹ[39m [34m[ESM][39m [2mdist/[22mtruncate.mjs                      [2m 1.34 kB[22m [2m│ gzip: 0.62 kB[22m
[35m@n8n/utils:build: [0m[34mℹ[39m [34m[ESM][39m [2mdist/[22mreRankSearchResults.mjs.map       [2m 1.27 kB[22m [2m│ gzip: 0.63 kB[22m
[35m@n8n/utils:build: [0m[34mℹ[39m [34m[ESM][39m [2mdist/[22mevent-bus2.mjs                    [2m 1.02 kB[22m [2m│ gzip: 0.47 kB[22m
[35m@n8n/utils:build: [0m[34mℹ[39m [34m[ESM][39m [2mdist/[22mevent-queue2.mjs                  [2m 1.00 kB[22m [2m│ gzip: 0.48 kB[22m
[35m@n8n/utils:build: [0m[34mℹ[39m [34m[ESM][39m [2mdist/[22msortByProperty.mjs.map            [2m 0.67 kB[22m [2m│ gzip: 0.41 kB[22m
[35m@n8n/utils:build: [0m[34mℹ[39m [34m[ESM][39m [2mdist/[22msmartDecimal.mjs.map              [2m 0.63 kB[22m [2m│ gzip: 0.37 kB[22m
[35m@n8n/utils:build: [0m[34mℹ[39m [34m[ESM][39m [2mdist/[22mreRankSearchResults.mjs           [2m 0.55 kB[22m [2m│ gzip: 0.30 kB[22m
[35m@n8n/utils:build: [0m[34mℹ[39m [34m[ESM][39m [2mdist/[22massert2.mjs.map                   [2m 0.46 kB[22m [2m│ gzip: 0.33 kB[22m
[35m@n8n/utils:build: [0m[34mℹ[39m [34m[ESM][39m [2mdist/[22msortByProperty.mjs                [2m 0.38 kB[22m [2m│ gzip: 0.25 kB[22m
[35m@n8n/utils:build: [0m[34mℹ[39m [34m[ESM][39m [2mdist/[22msmartDecimal.mjs                  [2m 0.33 kB[22m [2m│ gzip: 0.22 kB[22m
[35m@n8n/utils:build: [0m[34mℹ[39m [34m[ESM][39m [2mdist/[22massert2.mjs                       [2m 0.24 kB[22m [2m│ gzip: 0.19 kB[22m
[35m@n8n/utils:build: [0m[34mℹ[39m [34m[ESM][39m [2mdist/[22m[32m[1mindex.d.mts[22m[39m                       [2m 0.84 kB[22m [2m│ gzip: 0.30 kB[22m
[35m@n8n/utils:build: [0m[34mℹ[39m [34m[ESM][39m [2mdist/[22m[32m[1mevent-bus.d.mts[22m[39m                   [2m 0.14 kB[22m [2m│ gzip: 0.11 kB[22m
[35m@n8n/utils:build: [0m[34mℹ[39m [34m[ESM][39m [2mdist/[22m[32m[1msearch/sublimeSearch.d.mts[22m[39m        [2m 0.12 kB[22m [2m│ gzip: 0.10 kB[22m
[35m@n8n/utils:build: [0m[34mℹ[39m [34m[ESM][39m [2mdist/[22m[32m[1mstring/truncate.d.mts[22m[39m             [2m 0.11 kB[22m [2m│ gzip: 0.09 kB[22m
[35m@n8n/utils:build: [0m[34mℹ[39m [34m[ESM][39m [2mdist/[22m[32m[1msearch/reRankSearchResults.d.mts[22m[39m  [2m 0.10 kB[22m [2m│ gzip: 0.08 kB[22m
[35m@n8n/utils:build: [0m[34mℹ[39m [34m[ESM][39m [2mdist/[22m[32m[1mevent-queue.d.mts[22m[39m                 [2m 0.09 kB[22m [2m│ gzip: 0.08 kB[22m
[35m@n8n/utils:build: [0m[34mℹ[39m [34m[ESM][39m [2mdist/[22m[32m[1msort/sortByProperty.d.mts[22m[39m         [2m 0.09 kB[22m [2m│ gzip: 0.08 kB[22m
[35m@n8n/utils:build: [0m[34mℹ[39m [34m[ESM][39m [2mdist/[22m[32m[1mfiles/sanitize.d.mts[22m[39m              [2m 0.09 kB[22m [2m│ gzip: 0.08 kB[22m
[35m@n8n/utils:build: [0m[34mℹ[39m [34m[ESM][39m [2mdist/[22m[32m[1mnumber/smartDecimal.d.mts[22m[39m         [2m 0.08 kB[22m [2m│ gzip: 0.07 kB[22m
[35m@n8n/utils:build: [0m[34mℹ[39m [34m[ESM][39m [2mdist/[22m[32m[1massert.d.mts[22m[39m                      [2m 0.06 kB[22m [2m│ gzip: 0.07 kB[22m
[35m@n8n/utils:build: [0m[34mℹ[39m [34m[ESM][39m [2mdist/[22m[32m[1mretry.d.mts[22m[39m                       [2m 0.06 kB[22m [2m│ gzip: 0.07 kB[22m
[35m@n8n/utils:build: [0m[34mℹ[39m [34m[ESM][39m [2mdist/[22m[32mevent-bus2.d.mts[39m                  [2m 0.99 kB[22m [2m│ gzip: 0.35 kB[22m
[35m@n8n/utils:build: [0m[34mℹ[39m [34m[ESM][39m [2mdist/[22m[32msublimeSearch.d.mts[39m               [2m 0.39 kB[22m [2m│ gzip: 0.25 kB[22m
[35m@n8n/utils:build: [0m[34mℹ[39m [34m[ESM][39m [2mdist/[22m[32mreRankSearchResults.d.mts[39m         [2m 0.37 kB[22m [2m│ gzip: 0.22 kB[22m
[35m@n8n/utils:build: [0m[34mℹ[39m [34m[ESM][39m [2mdist/[22m[32mretry2.d.mts[39m                      [2m 0.28 kB[22m [2m│ gzip: 0.22 kB[22m
[35m@n8n/utils:build: [0m[34mℹ[39m [34m[ESM][39m [2mdist/[22m[32mtruncate.d.mts[39m                    [2m 0.28 kB[22m [2m│ gzip: 0.18 kB[22m
[35m@n8n/utils:build: [0m[34mℹ[39m [34m[ESM][39m [2mdist/[22m[32mevent-queue2.d.mts[39m                [2m 0.24 kB[22m [2m│ gzip: 0.18 kB[22m
[35m@n8n/utils:build: [0m[34mℹ[39m [34m[ESM][39m [2mdist/[22m[32msortByProperty.d.mts[39m              [2m 0.22 kB[22m [2m│ gzip: 0.17 kB[22m
[35m@n8n/utils:build: [0m[34mℹ[39m [34m[ESM][39m [2mdist/[22m[32msanitize.d.mts[39m                    [2m 0.20 kB[22m [2m│ gzip: 0.16 kB[22m
[35m@n8n/utils:build: [0m[34mℹ[39m [34m[ESM][39m [2mdist/[22m[32msmartDecimal.d.mts[39m                [2m 0.20 kB[22m [2m│ gzip: 0.15 kB[22m
[35m@n8n/utils:build: [0m[34mℹ[39m [34m[ESM][39m [2mdist/[22m[32massert2.d.mts[39m                     [2m 0.18 kB[22m [2m│ gzip: 0.15 kB[22m
[35m@n8n/utils:build: [0m[34mℹ[39m [34m[ESM][39m 52 files, total: 47.21 kB
[35m@n8n/utils:build: [0m[34mℹ[39m [33m[CJS][39m [2mdist/[22m[32m[1mindex.d.cts[22m[39m                       [2m0.84 kB[22m [2m│ gzip: 0.30 kB[22m
[35m@n8n/utils:build: [0m[34mℹ[39m [33m[CJS][39m [2mdist/[22m[32m[1mevent-bus.d.cts[22m[39m                   [2m0.14 kB[22m [2m│ gzip: 0.11 kB[22m
[35m@n8n/utils:build: [0m[34mℹ[39m [33m[CJS][39m [2mdist/[22m[32m[1msearch/sublimeSearch.d.cts[22m[39m        [2m0.12 kB[22m [2m│ gzip: 0.10 kB[22m
[35m@n8n/utils:build: [0m[34mℹ[39m [33m[CJS][39m [2mdist/[22m[32m[1mstring/truncate.d.cts[22m[39m             [2m0.11 kB[22m [2m│ gzip: 0.09 kB[22m
[35m@n8n/utils:build: [0m[34mℹ[39m [33m[CJS][39m [2mdist/[22m[32m[1msearch/reRankSearchResults.d.cts[22m[39m  [2m0.10 kB[22m [2m│ gzip: 0.08 kB[22m
[35m@n8n/utils:build: [0m[34mℹ[39m [33m[CJS][39m [2mdist/[22m[32m[1mevent-queue.d.cts[22m[39m                 [2m0.09 kB[22m [2m│ gzip: 0.08 kB[22m
[35m@n8n/utils:build: [0m[34mℹ[39m [33m[CJS][39m [2mdist/[22m[32m[1msort/sortByProperty.d.cts[22m[39m         [2m0.09 kB[22m [2m│ gzip: 0.08 kB[22m
[35m@n8n/utils:build: [0m[34mℹ[39m [33m[CJS][39m [2mdist/[22m[32m[1mfiles/sanitize.d.cts[22m[39m              [2m0.09 kB[22m [2m│ gzip: 0.08 kB[22m
[35m@n8n/utils:build: [0m[34mℹ[39m [33m[CJS][39m [2mdist/[22m[32m[1mnumber/smartDecimal.d.cts[22m[39m         [2m0.08 kB[22m [2m│ gzip: 0.07 kB[22m
[35m@n8n/utils:build: [0m[34mℹ[39m [33m[CJS][39m [2mdist/[22m[32m[1massert.d.cts[22m[39m                      [2m0.06 kB[22m [2m│ gzip: 0.07 kB[22m
[35m@n8n/utils:build: [0m[34mℹ[39m [33m[CJS][39m [2mdist/[22m[32m[1mretry.d.cts[22m[39m                       [2m0.06 kB[22m [2m│ gzip: 0.07 kB[22m
[35m@n8n/utils:build: [0m[34mℹ[39m [33m[CJS][39m [2mdist/[22m[32mevent-bus2.d.cts[39m                  [2m0.99 kB[22m [2m│ gzip: 0.35 kB[22m
[35m@n8n/utils:build: [0m[34mℹ[39m [33m[CJS][39m [2mdist/[22m[32msublimeSearch.d.cts[39m               [2m0.39 kB[22m [2m│ gzip: 0.25 kB[22m
[35m@n8n/utils:build: [0m[34mℹ[39m [33m[CJS][39m [2mdist/[22m[32mreRankSearchResults.d.cts[39m         [2m0.37 kB[22m [2m│ gzip: 0.22 kB[22m
[35m@n8n/utils:build: [0m[34mℹ[39m [33m[CJS][39m [2mdist/[22m[32mretry2.d.cts[39m                      [2m0.28 kB[22m [2m│ gzip: 0.22 kB[22m
[35m@n8n/utils:build: [0m[34mℹ[39m [33m[CJS][39m [2mdist/[22m[32mtruncate.d.cts[39m                    [2m0.28 kB[22m [2m│ gzip: 0.18 kB[22m
[35m@n8n/utils:build: [0m[34mℹ[39m [33m[CJS][39m [2mdist/[22m[32mevent-queue2.d.cts[39m                [2m0.24 kB[22m [2m│ gzip: 0.18 kB[22m
[35m@n8n/utils:build: [0m[34mℹ[39m [33m[CJS][39m [2mdist/[22m[32msortByProperty.d.cts[39m              [2m0.22 kB[22m [2m│ gzip: 0.17 kB[22m
[35m@n8n/utils:build: [0m[34mℹ[39m [33m[CJS][39m [2mdist/[22m[32msanitize.d.cts[39m                    [2m0.20 kB[22m [2m│ gzip: 0.16 kB[22m
[35m@n8n/utils:build: [0m[34mℹ[39m [33m[CJS][39m [2mdist/[22m[32msmartDecimal.d.cts[39m                [2m0.20 kB[22m [2m│ gzip: 0.15 kB[22m
[35m@n8n/utils:build: [0m[34mℹ[39m [33m[CJS][39m [2mdist/[22m[32massert2.d.cts[39m                     [2m0.18 kB[22m [2m│ gzip: 0.15 kB[22m
[35m@n8n/utils:build: [0m[34mℹ[39m [33m[CJS][39m 21 files, total: 5.14 kB
[35m@n8n/utils:build: [0m[32m✔[39m Build complete in [32m1882ms[39m
[32m@n8n/node-cli:build: [0mcache hit, replaying logs [2m7c08b50915166b93[0m
[32m@n8n/node-cli:build: [0m
[32m@n8n/node-cli:build: [0m> @n8n/node-cli@0.17.0 build /home/nxtwave/Desktop/Nxtwave-codebase/n8n-custom/packages/@n8n/node-cli
[32m@n8n/node-cli:build: [0m> tsc -p tsconfig.build.json && pnpm copy-templates
[32m@n8n/node-cli:build: [0m
[32m@n8n/node-cli:build: [0m
[32m@n8n/node-cli:build: [0m> @n8n/node-cli@0.17.0 copy-templates /home/nxtwave/Desktop/Nxtwave-codebase/n8n-custom/packages/@n8n/node-cli
[32m@n8n/node-cli:build: [0m> node scripts/copy-templates.mjs
[32m@n8n/node-cli:build: [0m
[36m@n8n/design-system:build: [0mcache hit, replaying logs [2md41075bcc30d7104[0m
[36m@n8n/design-system:build: [0m
[36m@n8n/design-system:build: [0m> @n8n/design-system@1.110.0 build /home/nxtwave/Desktop/Nxtwave-codebase/n8n-custom/packages/frontend/@n8n/design-system
[36m@n8n/design-system:build: [0m> vite build
[36m@n8n/design-system:build: [0m
[36m@n8n/design-system:build: [0mrolldown-vite v7.1.16 building for production...
[36m@n8n/design-system:build: [0mBrowserslist: browsers data (caniuse-lite) is 7 months old. Please run:
[36m@n8n/design-system:build: [0m  npx update-browserslist-db@latest
[36m@n8n/design-system:build: [0m  Why you should do it regularly: https://github.com/browserslist/update-db#readme
[36m@n8n/design-system:build: [0m[2K[36m@n8n/design-system:build: [0mtransforming...[32m✓[39m 2748 modules transformed.
[36m@n8n/design-system:build: [0mrendering chunks...
[36m@n8n/design-system:build: [0mcomputing gzip size...
[36m@n8n/design-system:build: [0m[2mdist/[22m[35mdesign-system.css        [39m[1m[2m  131.14 kB[22m[22m[2m │ gzip:  20.70 kB[22m
[36m@n8n/design-system:build: [0m[2mdist/[22m[36men-BqjV0Zi0.js           [39m[1m[2m    0.08 kB[22m[22m[2m │ gzip:   0.08 kB[22m
[36m@n8n/design-system:build: [0m[2mdist/[22m[36men-Dj21Qf2x.js           [39m[1m[2m    4.83 kB[22m[22m[2m │ gzip:   1.74 kB[22m
[36m@n8n/design-system:build: [0m[2mdist/[22m[36mn8n-design-system.es.js  [39m[1m[33m1,928.10 kB[39m[22m[2m │ gzip: 473.92 kB[22m
[36m@n8n/design-system:build: [0m[2K[36m@n8n/design-system:build: [0mtransforming...[32m✓[39m 2748 modules transformed.
[36m@n8n/design-system:build: [0mrendering chunks...
[36m@n8n/design-system:build: [0mcomputing gzip size...
[36m@n8n/design-system:build: [0m[2mdist/[22m[35mdesign-system.css         [39m[1m[2m  131.14 kB[22m[22m[2m │ gzip:  20.70 kB[22m
[36m@n8n/design-system:build: [0m[2mdist/[22m[36mn8n-design-system.umd.js  [39m[1m[33m1,442.03 kB[39m[22m[2m │ gzip: 414.89 kB[22m
[36m@n8n/design-system:build: [0m✓ built in 6.80s
[36m@n8n/chat:build: [0mcache hit, replaying logs [2mec6932a314eeabd5[0m
[36m@n8n/chat:build: [0m
[36m@n8n/chat:build: [0m
[36m@n8n/chat:build: [0m> @n8n/chat@0.68.0 build /home/nxtwave/Desktop/Nxtwave-codebase/n8n-custom/packages/frontend/@n8n/chat
[36m@n8n/chat:build: [0m> pnpm build:vite && pnpm build:bundle
[36m@n8n/chat:build: [0m
[36m@n8n/chat:build: [0m
[36m@n8n/chat:build: [0m> @n8n/chat@0.68.0 build:vite /home/nxtwave/Desktop/Nxtwave-codebase/n8n-custom/packages/frontend/@n8n/chat
[36m@n8n/chat:build: [0m> cross-env vite build
[36m@n8n/chat:build: [0m
[36m@n8n/chat:build: [0m[36mrolldown-vite v7.1.16 [32mbuilding for production...[36m[39m
[36m@n8n/chat:build: [0m[2K[36m@n8n/chat:build: [0mtransforming (0) [2msrc/index.ts[22m[2K[36m@n8n/chat:build: [0mtransforming (4) [2msrc/constants/localStorage.ts[22m[2K[36m@n8n/chat:build: [0mtransforming (52) [2m../../../../node_modules/.pnpm/highlight.js@11.8.0/node_modules/highlight.js/lib/core.js[22m[2K[36m@n8n/chat:build: [0mtransforming (64) [2m plugin-vue:export-helper[22m[2K[36m@n8n/chat:build: [0mtransforming (85) [2m../design-system/src/locale/index.ts[22m[2K[36m@n8n/chat:build: [0mtransforming (87) [2m~icons/mdi/chevron-down[22m[2K[36m@n8n/chat:build: [0mtransforming (89) [2m~icons/mdi/close[22m[2K[36m@n8n/chat:build: [0mtransforming (88) [2m~icons/mdi/chat[22m[2K[36m@n8n/chat:build: [0mtransforming (208) [2m../../../../node_modules/.pnpm/sanitize-html@2.12.1/node_modules/sanitize-html/index.js[22m[2K[36m@n8n/chat:build: [0mtransforming (209) [2m../design-system/src/components/TableBase/TableBase.vue[22m[2K[36m@n8n/chat:build: [0mtransforming (319) [2m../../../../node_modules/.pnpm/postcss@8.4.49/node_modules/postcss/lib/at-rule.js[22m[2K[36m@n8n/chat:build: [0mtransforming (467) [2m../../../../node_modules/.pnpm/picocolors@1.1.1/node_modules/picocolors/picocolors.browser.js[22m[2K[36m@n8n/chat:build: [0mtransforming (498) [2m../../../../node_modules/.pnpm/domutils@3.1.0/node_modules/domutils/lib/traversal.js[22m[2K[36m@n8n/chat:build: [0mtransforming (630) [2m../design-system/src/components/N8nLogo/logo-icon.svg[22m[2K[36m@n8n/chat:build: [0mtransforming (631) [2m../design-system/src/components/N8nLogo/logo-text.svg[22m[2K[36m@n8n/chat:build: [0mtransforming (1366) [2m../../../../node_modules/.pnpm/markdown-it-emoji@2.0.2/node_modules/markdown-it-emoji/lib/data/shortcut[2K[36m@n8n/chat:build: [0mtransforming (1367) [2m../../../../node_modules/.pnpm/xss@1.0.15/node_modules/xss/lib/parser.js[22m[2K[36m@n8n/chat:build: [0mtransforming (1368) [2m../../../../node_modules/.pnpm/xss@1.0.15/node_modules/xss/lib/xss.js[22m[2K[36m@n8n/chat:build: [0mtransforming (1820) [2m../../../../node_modules/.pnpm/element-plus@2.4.3_patch_hash=3bc4ea0a42ad52c6bbc3d06c12c2963d55b57d6b5b[2K[36m@n8n/chat:build: [0mtransforming (1821) [2m../../../../node_modules/.pnpm/element-plus@2.4.3_patch_hash=3bc4ea0a42ad52c6bbc3d06c12c2963d55b57d6b5b[2K[36m@n8n/chat:build: [0mtransforming (1822) [2m../../../../node_modules/.pnpm/element-plus@2.4.3_patch_hash=3bc4ea0a42ad52c6bbc3d06c12c2963d55b57d6b5b[2K[36m@n8n/chat:build: [0mtransforming (2423) [2m../../../../node_modules/.pnpm/cssfilter@0.0.10/node_modules/cssfilter/lib/util.js[22m[2K[36m@n8n/chat:build: [0mtransforming (2424) [2m../../../../node_modules/.pnpm/cssfilter@0.0.10/node_modules/cssfilter/lib/parser.js[22m[2K[36m@n8n/chat:build: [0mtransforming (2425) [2m../../../../node_modules/.pnpm/@ctrl+tinycolor@3.6.0/node_modules/@ctrl/tinycolor/dist/module/to-ms-fil[2K[36m@n8n/chat:build: [0mtransforming (2802) [2m../../../../node_modules/.pnpm/lodash-es@4.17.21/node_modules/lodash-es/_listCacheClear.js[22m[2K[36m@n8n/chat:build: [0mtransforming (2804) [2m../../../../node_modules/.pnpm/lodash-es@4.17.21/node_modules/lodash-es/_getValue.js[22m[2K[36m@n8n/chat:build: [0mtransforming (2803) [2m../../../../node_modules/.pnpm/lodash-es@4.17.21/node_modules/lodash-es/_listCacheSet.js[22m[2K[36m@n8n/chat:build: [0m[32m✓[39m 2848 modules transformed.
[36m@n8n/chat:build: [0m[2K[36m@n8n/chat:build: [0mrendering chunks (0)...[2K[1G[33m[plugin builtin:reporter] 
[36m@n8n/chat:build: [0m(!) /home/nxtwave/Desktop/Nxtwave-codebase/n8n-custom/packages/frontend/@n8n/design-system/src/locale/lang/en.ts is dynamically imported by /home/nxtwave/Desktop/Nxtwave-codebase/n8n-custom/packages/frontend/@n8n/design-system/src/locale/index.ts but also statically imported by /home/nxtwave/Desktop/Nxtwave-codebase/n8n-custom/packages/frontend/@n8n/design-system/src/locale/index.ts, dynamic import will not move module into another chunk.
[36m@n8n/chat:build: [0m[39m
[36m@n8n/chat:build: [0m[2K[36m@n8n/chat:build: [0m[32m
[36m@n8n/chat:build: [0m[36m[vite:dts][32m Start generate declaration files...[39m
[36m@n8n/chat:build: [0m[32m[36m[vite:dts][32m Declaration files built in 23979ms.
[36m@n8n/chat:build: [0m[39m
[36m@n8n/chat:build: [0m[2K[36m@n8n/chat:build: [0mcomputing gzip size (0)...[2K[36m@n8n/chat:build: [0mcomputing gzip size (2)...[2K[36m@n8n/chat:build: [0m[2mdist/[22m[35mchat.css    [39m[1m[2m 63.82 kB[22m[22m[2m │ gzip:   9.84 kB[22m
[36m@n8n/chat:build: [0m[2mdist/[22m[36mchat.es.js  [39m[1m[33m952.15 kB[39m[22m[2m │ gzip: 246.57 kB[22m
[36m@n8n/chat:build: [0m[2K[36m@n8n/chat:build: [0mtransforming (52) [2msrc/components/GetStartedFooter.vue[22m[2K[36m@n8n/chat:build: [0mtransforming (130) [2m../design-system/src/locale/format.ts[22m[2K[36m@n8n/chat:build: [0mtransforming (131) [2m rolldown_dynamic_import_helper.js[22m[2K[36m@n8n/chat:build: [0mtransforming (338) [2m../../../../node_modules/.pnpm/reka-ui@2.5.0_typescript@5.9.2_vue@3.5.13_typescript@5.9.2_/node_modules/[2K[36m@n8n/chat:build: [0mtransforming (339) [2m../../../../node_modules/.pnpm/reka-ui@2.5.0_typescript@5.9.2_vue@3.5.13_typescript@5.9.2_/node_modules/[2K[36m@n8n/chat:build: [0mtransforming (342) [2m../../../../node_modules/.pnpm/reka-ui@2.5.0_typescript@5.9.2_vue@3.5.13_typescript@5.9.2_/node_modules/[2K[36m@n8n/chat:build: [0mtransforming (340) [2m../../../../node_modules/.pnpm/reka-ui@2.5.0_typescript@5.9.2_vue@3.5.13_typescript@5.9.2_/node_modules/[2K[36m@n8n/chat:build: [0mtransforming (341) [2m../../../../node_modules/.pnpm/reka-ui@2.5.0_typescript@5.9.2_vue@3.5.13_typescript@5.9.2_/node_modules/[2K[36m@n8n/chat:build: [0mtransforming (845) [2m../../../../node_modules/.pnpm/markdown-it@13.0.2/node_modules/markdown-it/lib/rules_core/normalize.js[[2K[36m@n8n/chat:build: [0mtransforming (846) [2m../../../../node_modules/.pnpm/markdown-it@13.0.2/node_modules/markdown-it/lib/rules_inline/strikethroug[2K[36m@n8n/chat:build: [0mtransforming (923) [2m../../../../node_modules/.pnpm/ohash@2.0.11/node_modules/ohash/dist/index.mjs[22m[2K[36m@n8n/chat:build: [0mtransforming (1001) [2m../../../../node_modules/.pnpm/element-plus@2.4.3_patch_hash=3bc4ea0a42ad52c6bbc3d06c12c2963d55b57d6b5b[2K[36m@n8n/chat:build: [0mtransforming (1604) [2m../design-system/src/components/N8nIcon/custom/binary.svg[22m[2K[36m@n8n/chat:build: [0mtransforming (1605) [2m../design-system/src/components/N8nIcon/custom/anthropic.svg[22m[2K[36m@n8n/chat:build: [0mtransforming (1857) [2m../design-system/src/components/BlinkingCursor/BlinkingCursor.vue[22m[2K[36m@n8n/chat:build: [0mtransforming (2405) [2m../../../../node_modules/.pnpm/element-plus@2.4.3_patch_hash=3bc4ea0a42ad52c6bbc3d06c12c2963d55b57d6b5b[2K[36m@n8n/chat:build: [0mtransforming (2406) [2m../../../../node_modules/.pnpm/element-plus@2.4.3_patch_hash=3bc4ea0a42ad52c6bbc3d06c12c2963d55b57d6b5b[2K[36m@n8n/chat:build: [0mtransforming (2407) [2m../../../../node_modules/.pnpm/element-plus@2.4.3_patch_hash=3bc4ea0a42ad52c6bbc3d06c12c2963d55b57d6b5b[2K[36m@n8n/chat:build: [0mtransforming (2803) [2m../../../../node_modules/.pnpm/lodash-es@4.17.21/node_modules/lodash-es/_Uint8Array.js[22m[2K[36m@n8n/chat:build: [0mtransforming (2805) [2m../../../../node_modules/.pnpm/lodash-es@4.17.21/node_modules/lodash-es/_listCacheClear.js[22m[2K[36m@n8n/chat:build: [0mtransforming (2804) [2m../../../../node_modules/.pnpm/lodash-es@4.17.21/node_modules/lodash-es/_listCacheDelete.js[22m[2K[36m@n8n/chat:build: [0m[32m✓[39m 2848 modules transformed.
[36m@n8n/chat:build: [0m[2K[36m@n8n/chat:build: [0mrendering chunks (0)...[2K[36m@n8n/chat:build: [0m[2K[36m@n8n/chat:build: [0mcomputing gzip size (0)...[2K[36m@n8n/chat:build: [0mcomputing gzip size (2)...[2K[36m@n8n/chat:build: [0m[2mdist/[22m[35mchat.css     [39m[1m[2m 63.82 kB[22m[22m[2m │ gzip:   9.84 kB[22m
[36m@n8n/chat:build: [0m[2mdist/[22m[36mchat.umd.js  [39m[1m[33m697.25 kB[39m[22m[2m │ gzip: 215.95 kB[22m
[36m@n8n/chat:build: [0m[32m✓ built in 30.69s[39m
[36m@n8n/chat:build: [0m
[36m@n8n/chat:build: [0m> @n8n/chat@0.68.0 build:bundle /home/nxtwave/Desktop/Nxtwave-codebase/n8n-custom/packages/frontend/@n8n/chat
[36m@n8n/chat:build: [0m> cross-env INCLUDE_VUE=true vite build
[36m@n8n/chat:build: [0m
[36m@n8n/chat:build: [0m[36mrolldown-vite v7.1.16 [32mbuilding for production...[36m[39m
[36m@n8n/chat:build: [0m[2K[36m@n8n/chat:build: [0mtransforming (0) [2msrc/index.ts[22m[2K[36m@n8n/chat:build: [0mtransforming (2) [2m../../../../node_modules/.pnpm/vue@3.5.13_typescript@5.9.2/node_modules/vue/dist/vue.runtime.esm-bundler.j[2K[36m@n8n/chat:build: [0mtransforming (42) [2m../../../../node_modules/.pnpm/uuid@10.0.0/node_modules/uuid/dist/esm-browser/rng.js[22m[2K[36m@n8n/chat:build: [0mtransforming (44) [2m../../../../node_modules/.pnpm/highlight.js@11.8.0/node_modules/highlight.js/es/core.js[22m[2K[36m@n8n/chat:build: [0mtransforming (43) [2m../../../../node_modules/.pnpm/uuid@10.0.0/node_modules/uuid/dist/esm-browser/native.js[22m[2K[36m@n8n/chat:build: [0mtransforming (58) [2msrc/components/MessagesList.vue[22m[2K[36m@n8n/chat:build: [0mtransforming (75) [2msrc/components/PoweredBy.vue[22m[2K[36m@n8n/chat:build: [0mtransforming (96) [2m~icons/mdi/openInNew[22m[2K[36m@n8n/chat:build: [0mtransforming (97) [2m~icons/mdi/fileMusic[22m[2K[36m@n8n/chat:build: [0mtransforming (102) [2m../design-system/src/plugin.ts[22m[2K[36m@n8n/chat:build: [0mtransforming (103) [2m../design-system/src/locale/index.ts[22m[2K[36m@n8n/chat:build: [0mtransforming (104) [2m../design-system/src/utils/index.ts[22m[2K[36m@n8n/chat:build: [0mtransforming (134) [2m../design-system/src/components/AskAssistantButton/index.ts[22m[2K[36m@n8n/chat:build: [0mtransforming (136) [2m../design-system/src/components/AskAssistantChat/index.ts[22m[2K[36m@n8n/chat:build: [0mtransforming (135) [2m../design-system/src/components/N8nActionBox/index.ts[22m[2K[36m@n8n/chat:build: [0mtransforming (223) [2m../design-system/src/components/TableBase/TableBase.vue[22m[2K[36m@n8n/chat:build: [0mtransforming (411) [2m__vite-browser-external[22m[2K[36m@n8n/chat:build: [0mtransforming (474) [2m../../../../node_modules/.pnpm/markdown-it@13.0.2/node_modules/markdown-it/lib/token.js[22m[2K[36m@n8n/chat:build: [0mtransforming (475) [2m../../../../node_modules/.pnpm/postcss@8.4.49/node_modules/postcss/lib/previous-map.js[22m[2K[36m@n8n/chat:build: [0mtransforming (520) [2m../design-system/src/components/N8nSticky/constants.ts[22m[2K[36m@n8n/chat:build: [0mtransforming (635) [2m../design-system/src/components/AskAssistantChat/messages/CodeDiffMessage.vue[22m[2K[36m@n8n/chat:build: [0mtransforming (1385) [2m../../../../node_modules/.pnpm/markdown-it-emoji@2.0.2/node_modules/markdown-it-emoji/lib/render.js[22[2K[36m@n8n/chat:build: [0mtransforming (1386) [2m../../../../node_modules/.pnpm/markdown-it-emoji@2.0.2/node_modules/markdown-it-emoji/lib/normalize_opt[2K[36m@n8n/chat:build: [0mtransforming (1548) [2m../../../../node_modules/.pnpm/element-plus@2.4.3_patch_hash=3bc4ea0a42ad52c6bbc3d06c12c2963d55b57d6b5b[2K[36m@n8n/chat:build: [0mtransforming (1549) [2m../../../../node_modules/.pnpm/element-plus@2.4.3_patch_hash=3bc4ea0a42ad52c6bbc3d06c12c2963d55b57d6b5b[2K[36m@n8n/chat:build: [0mtransforming (1890) [2m../../../../node_modules/.pnpm/element-plus@2.4.3_patch_hash=3bc4ea0a42ad52c6bbc3d06c12c2963d55b57d6b5b[2K[36m@n8n/chat:build: [0mtransforming (1892) [2m../../../../node_modules/.pnpm/element-plus@2.4.3_patch_hash=3bc4ea0a42ad52c6bbc3d06c12c2963d55b57d6b5b[2K[36m@n8n/chat:build: [0mtransforming (1891) [2m../../../../node_modules/.pnpm/element-plus@2.4.3_patch_hash=3bc4ea0a42ad52c6bbc3d06c12c2963d55b57d6b5b[2K[36m@n8n/chat:build: [0mtransforming (2404) [2m../../../../node_modules/.pnpm/element-plus@2.4.3_patch_hash=3bc4ea0a42ad52c6bbc3d06c12c2963d55b57d6b5b[2K[36m@n8n/chat:build: [0mtransforming (2405) [2m../../../../node_modules/.pnpm/element-plus@2.4.3_patch_hash=3bc4ea0a42ad52c6bbc3d06c12c2963d55b57d6b5b[2K[36m@n8n/chat:build: [0mtransforming (2406) [2m../../../../node_modules/.pnpm/element-plus@2.4.3_patch_hash=3bc4ea0a42ad52c6bbc3d06c12c2963d55b57d6b5b[2K[36m@n8n/chat:build: [0mtransforming (2767) [2m../../../../node_modules/.pnpm/lodash@4.17.21/node_modules/lodash/_root.js[22m[2K[36m@n8n/chat:build: [0mtransforming (2768) [2m../../../../node_modules/.pnpm/lodash@4.17.21/node_modules/lodash/_MapCache.js[22m[2K[36m@n8n/chat:build: [0m[32m✓[39m 2851 modules transformed.
[36m@n8n/chat:build: [0m[2K[36m@n8n/chat:build: [0mrendering chunks (0)...[2K[1G[33m[plugin builtin:reporter] 
[36m@n8n/chat:build: [0m(!) /home/nxtwave/Desktop/Nxtwave-codebase/n8n-custom/packages/frontend/@n8n/design-system/src/locale/lang/en.ts is dynamically imported by /home/nxtwave/Desktop/Nxtwave-codebase/n8n-custom/packages/frontend/@n8n/design-system/src/locale/index.ts but also statically imported by /home/nxtwave/Desktop/Nxtwave-codebase/n8n-custom/packages/frontend/@n8n/design-system/src/locale/index.ts, dynamic import will not move module into another chunk.
[36m@n8n/chat:build: [0m[39m
[36m@n8n/chat:build: [0m[2K[36m@n8n/chat:build: [0m[32m
[36m@n8n/chat:build: [0m[36m[vite:dts][32m Start generate declaration files...[39m
[36m@n8n/chat:build: [0m[32m[36m[vite:dts][32m Declaration files built in 17026ms.
[36m@n8n/chat:build: [0m[39m
[36m@n8n/chat:build: [0m[2K[36m@n8n/chat:build: [0mcomputing gzip size (0)...[2K[36m@n8n/chat:build: [0mcomputing gzip size (2)...[2K[36m@n8n/chat:build: [0m[2mdist/[22m[35mchat.css           [39m[1m[2m   63.82 kB[22m[22m[2m │ gzip:   9.84 kB[22m
[36m@n8n/chat:build: [0m[2mdist/[22m[36mchat.bundle.es.js  [39m[1m[33m1,036.94 kB[39m[22m[2m │ gzip: 274.22 kB[22m
[36m@n8n/chat:build: [0m[2K[36m@n8n/chat:build: [0mtransforming (37) [2msrc/api/message.ts[22m[2K[36m@n8n/chat:build: [0mtransforming (38) [2msrc/api/generic.ts[22m[2K[36m@n8n/chat:build: [0mtransforming (95) [2m../design-system/src/v2/components/Select/Select.vue[22m[2K[36m@n8n/chat:build: [0mtransforming (324) [2m../../../@n8n/utils/dist/truncate.mjs[22m[2K[36m@n8n/chat:build: [0mtransforming (386) [2m../../../../node_modules/.pnpm/markdown-it@13.0.2/node_modules/markdown-it/lib/helpers/index.js[22m[2K[36m@n8n/chat:build: [0mtransforming (888) [2m../../../../node_modules/.pnpm/element-plus@2.4.3_patch_hash=3bc4ea0a42ad52c6bbc3d06c12c2963d55b57d6b5b8[2K[36m@n8n/chat:build: [0mtransforming (1070) [2m../../../../node_modules/.pnpm/@tanstack+vue-table@8.21.2_vue@3.5.13_typescript@5.9.2_/node_modules/@ta[2K[36m@n8n/chat:build: [0mtransforming (1069) [2m../../../../node_modules/.pnpm/postcss@8.4.49/node_modules/postcss/lib/no-work-result.js[22m[2K[36m@n8n/chat:build: [0mtransforming (1071) [2m../../../../node_modules/.pnpm/postcss@8.4.49/node_modules/postcss/lib/previous-map.js[22m[2K[36m@n8n/chat:build: [0mtransforming (1072) [2m../../../../node_modules/.pnpm/postcss@8.4.49/node_modules/postcss/lib/parser.js[22m[2K[36m@n8n/chat:build: [0mtransforming (1606) [2m../../../../node_modules/.pnpm/@tanstack+table-core@8.21.2/node_modules/@tanstack/table-core/build/lib/[2K[36m@n8n/chat:build: [0mtransforming (1737) [2m../../../../node_modules/.pnpm/element-plus@2.4.3_patch_hash=3bc4ea0a42ad52c6bbc3d06c12c2963d55b57d6b5b[2K[36m@n8n/chat:build: [0mtransforming (2039) [2m../../../../node_modules/.pnpm/element-plus@2.4.3_patch_hash=3bc4ea0a42ad52c6bbc3d06c12c2963d55b57d6b5b[2K[36m@n8n/chat:build: [0mtransforming (2040) [2m../../../../node_modules/.pnpm/element-plus@2.4.3_patch_hash=3bc4ea0a42ad52c6bbc3d06c12c2963d55b57d6b5b[2K[36m@n8n/chat:build: [0mtransforming (2041) [2m../../../../node_modules/.pnpm/element-plus@2.4.3_patch_hash=3bc4ea0a42ad52c6bbc3d06c12c2963d55b57d6b5b[2K[36m@n8n/chat:build: [0mtransforming (2657) [2m../../../../node_modules/.pnpm/element-plus@2.4.3_patch_hash=3bc4ea0a42ad52c6bbc3d06c12c2963d55b57d6b5b[2K[36m@n8n/chat:build: [0mtransforming (2658) [2m../../../../node_modules/.pnpm/lodash-es@4.17.21/node_modules/lodash-es/_overRest.js[22m[2K[36m@n8n/chat:build: [0mtransforming (2659) [2m../../../../node_modules/.pnpm/lodash-es@4.17.21/node_modules/lodash-es/_mergeData.js[22m[2K[36m@n8n/chat:build: [0mtransforming (2660) [2m../../../../node_modules/.pnpm/lodash-es@4.17.21/node_modules/lodash-es/_setWrapToString.js[22m[2K[36m@n8n/chat:build: [0m[32m✓[39m 2851 modules transformed.
[36m@n8n/chat:build: [0m[2K[36m@n8n/chat:build: [0mrendering chunks (0)...[2K[36m@n8n/chat:build: [0m[2K[36m@n8n/chat:build: [0mcomputing gzip size (0)...[2K[36m@n8n/chat:build: [0mcomputing gzip size (2)...[2K[36m@n8n/chat:build: [0m[2mdist/[22m[35mchat.css            [39m[1m[2m 63.82 kB[22m[22m[2m │ gzip:   9.84 kB[22m
[36m@n8n/chat:build: [0m[2mdist/[22m[36mchat.bundle.umd.js  [39m[1m[33m702.06 kB[39m[22m[2m │ gzip: 236.58 kB[22m
[36m@n8n/chat:build: [0m[32m✓ built in 23.65s[39m
[36mn8n-workflow:build: [0mcache hit, replaying logs [2m78d9ee299e13a8d8[0m
[36mn8n-workflow:build: [0m
[36mn8n-workflow:build: [0m> n8n-workflow@1.120.0 build /home/nxtwave/Desktop/Nxtwave-codebase/n8n-custom/packages/workflow
[36mn8n-workflow:build: [0m> tsc --build tsconfig.build.esm.json tsconfig.build.cjs.json
[36mn8n-workflow:build: [0m
[35m@n8n/stores:build: [0mcache hit, replaying logs [2me60ae708f9d2f5ba[0m
[35m@n8n/stores:build: [0m
[35m@n8n/stores:build: [0m> @n8n/stores@1.30.0 build /home/nxtwave/Desktop/Nxtwave-codebase/n8n-custom/packages/frontend/@n8n/stores
[35m@n8n/stores:build: [0m> tsdown
[35m@n8n/stores:build: [0m
[35m@n8n/stores:build: [0mℹ tsdown v0.16.5 powered by rolldown v1.0.0-beta.50
[35m@n8n/stores:build: [0mℹ Using tsdown config: /home/nxtwave/Desktop/Nxtwave-codebase/n8n-custom/packages/frontend/@n8n/stores/tsdown.config.ts
[35m@n8n/stores:build: [0mℹ entry: src/constants.ts, src/index.ts, src/metaTagConfig.ts, src/useAgentRequestStore.ts, src/useRootStore.ts
[35m@n8n/stores:build: [0mℹ tsconfig: tsconfig.json
[35m@n8n/stores:build: [0mℹ Build start
[35m@n8n/stores:build: [0mℹ [CJS] dist/useRootStore.cjs              5.68 kB │ gzip: 1.28 kB
[35m@n8n/stores:build: [0mℹ [CJS] dist/useAgentRequestStore.cjs      1.90 kB │ gzip: 0.57 kB
[35m@n8n/stores:build: [0mℹ [CJS] dist/metaTagConfig.cjs             0.23 kB │ gzip: 0.11 kB
[35m@n8n/stores:build: [0mℹ [CJS] dist/constants.cjs                 0.10 kB │ gzip: 0.08 kB
[35m@n8n/stores:build: [0mℹ [CJS] dist/index.cjs                     0.10 kB │ gzip: 0.08 kB
[35m@n8n/stores:build: [0mℹ [CJS] dist/useRootStore.cjs.map          9.94 kB │ gzip: 2.19 kB
[35m@n8n/stores:build: [0mℹ [CJS] dist/useAgentRequestStore.cjs.map  3.72 kB │ gzip: 1.15 kB
[35m@n8n/stores:build: [0mℹ [CJS] dist/constants2.cjs.map            2.10 kB │ gzip: 0.97 kB
[35m@n8n/stores:build: [0mℹ [CJS] dist/metaTagConfig2.cjs.map        1.85 kB │ gzip: 0.76 kB
[35m@n8n/stores:build: [0mℹ [CJS] dist/constants2.cjs                1.55 kB │ gzip: 0.82 kB
[35m@n8n/stores:build: [0mℹ [CJS] dist/metaTagConfig2.cjs            1.34 kB │ gzip: 0.51 kB
[35m@n8n/stores:build: [0mℹ [CJS] 11 files, total: 28.51 kB
[35m@n8n/stores:build: [0m[33m[EMPTY_IMPORT_META] Warning:[0m `import.meta` may not be a valid syntax with the `cjs` output format.
[35m@n8n/stores:build: [0m   [38;5;246m╭[0m[38;5;246m─[0m[38;5;246m[[0m src/useRootStore.ts:8:34 [38;5;246m][0m
[35m@n8n/stores:build: [0m   [38;5;246m│[0m
[35m@n8n/stores:build: [0m [38;5;246m8 │[0m [38;5;249mc[0m[38;5;249mo[0m[38;5;249mn[0m[38;5;249ms[0m[38;5;249mt[0m[38;5;249m [0m[38;5;249m{[0m[38;5;249m [0m[38;5;249mV[0m[38;5;249mU[0m[38;5;249mE[0m[38;5;249m_[0m[38;5;249mA[0m[38;5;249mP[0m[38;5;249mP[0m[38;5;249m_[0m[38;5;249mU[0m[38;5;249mR[0m[38;5;249mL[0m[38;5;249m_[0m[38;5;249mB[0m[38;5;249mA[0m[38;5;249mS[0m[38;5;249mE[0m[38;5;249m_[0m[38;5;249mA[0m[38;5;249mP[0m[38;5;249mI[0m[38;5;249m [0m[38;5;249m}[0m[38;5;249m [0m[38;5;249m=[0m[38;5;249m [0mimport.meta[38;5;249m.[0m[38;5;249me[0m[38;5;249mn[0m[38;5;249mv[0m[38;5;249m;[0m
[35m@n8n/stores:build: [0m [38;5;240m  │[0m                                  ─────┬─────  
[35m@n8n/stores:build: [0m [38;5;240m  │[0m                                       ╰─────── This `import.meta` will be replaced with an empty object (`{}`) automatically. If this is desired, you can suppress this warning by adding `transform.define: { 'import.meta': {} }`. If `import.meta` needs to be kept as-is, you need to set the output format to `esm`.
[35m@n8n/stores:build: [0m[38;5;246m───╯[0m
[35m@n8n/stores:build: [0m
[35m@n8n/stores:build: [0mℹ [ESM] dist/useRootStore.mjs               5.43 kB │ gzip: 1.25 kB
[35m@n8n/stores:build: [0mℹ [ESM] dist/useAgentRequestStore.mjs       1.86 kB │ gzip: 0.55 kB
[35m@n8n/stores:build: [0mℹ [ESM] dist/metaTagConfig.mjs              0.16 kB │ gzip: 0.11 kB
[35m@n8n/stores:build: [0mℹ [ESM] dist/constants.mjs                  0.07 kB │ gzip: 0.08 kB
[35m@n8n/stores:build: [0mℹ [ESM] dist/index.mjs                      0.07 kB │ gzip: 0.08 kB
[35m@n8n/stores:build: [0mℹ [ESM] dist/useRootStore.mjs.map          10.02 kB │ gzip: 2.17 kB
[35m@n8n/stores:build: [0mℹ [ESM] dist/useAgentRequestStore.mjs.map   3.73 kB │ gzip: 1.16 kB
[35m@n8n/stores:build: [0mℹ [ESM] dist/constants2.mjs.map             2.10 kB │ gzip: 0.97 kB
[35m@n8n/stores:build: [0mℹ [ESM] dist/metaTagConfig2.mjs.map         1.85 kB │ gzip: 0.76 kB
[35m@n8n/stores:build: [0mℹ [ESM] dist/constants2.mjs                 1.47 kB │ gzip: 0.76 kB
[35m@n8n/stores:build: [0mℹ [ESM] dist/metaTagConfig2.mjs             1.12 kB │ gzip: 0.46 kB
[35m@n8n/stores:build: [0mℹ [ESM] dist/useRootStore.d.mts             7.48 kB │ gzip: 0.93 kB
[35m@n8n/stores:build: [0mℹ [ESM] dist/useAgentRequestStore.d.mts     2.51 kB │ gzip: 0.50 kB
[35m@n8n/stores:build: [0mℹ [ESM] dist/metaTagConfig.d.mts            0.31 kB │ gzip: 0.17 kB
[35m@n8n/stores:build: [0mℹ [ESM] dist/constants.d.mts                0.07 kB │ gzip: 0.07 kB
[35m@n8n/stores:build: [0mℹ [ESM] dist/index.d.mts                    0.07 kB │ gzip: 0.07 kB
[35m@n8n/stores:build: [0mℹ [ESM] dist/constants2.d.mts               1.93 kB │ gzip: 0.78 kB
[35m@n8n/stores:build: [0mℹ [ESM] 17 files, total: 40.22 kB
[35m@n8n/stores:build: [0mℹ [CJS] dist/useRootStore.d.cts          7.48 kB │ gzip: 0.93 kB
[35m@n8n/stores:build: [0mℹ [CJS] dist/useAgentRequestStore.d.cts  2.51 kB │ gzip: 0.50 kB
[35m@n8n/stores:build: [0mℹ [CJS] dist/metaTagConfig.d.cts         0.31 kB │ gzip: 0.17 kB
[35m@n8n/stores:build: [0mℹ [CJS] dist/constants.d.cts             0.07 kB │ gzip: 0.07 kB
[35m@n8n/stores:build: [0mℹ [CJS] dist/index.d.cts                 0.07 kB │ gzip: 0.07 kB
[35m@n8n/stores:build: [0mℹ [CJS] dist/constants2.d.cts            1.93 kB │ gzip: 0.78 kB
[35m@n8n/stores:build: [0mℹ [CJS] 6 files, total: 12.36 kB
[35m@n8n/stores:build: [0m✔ Build complete in 3473ms
[35m@n8n/i18n:build: [0mcache hit, replaying logs [2m982b7445896bff8c[0m
[35m@n8n/i18n:build: [0m
[35m@n8n/i18n:build: [0m
[35m@n8n/i18n:build: [0m> @n8n/i18n@1.27.0 build /home/nxtwave/Desktop/Nxtwave-codebase/n8n-custom/packages/frontend/@n8n/i18n
[35m@n8n/i18n:build: [0m> tsdown
[35m@n8n/i18n:build: [0m
[35m@n8n/i18n:build: [0m[34mℹ[39m tsdown [2mv0.16.5[22m powered by rolldown [2mv1.0.0-beta.50[22m
[35m@n8n/i18n:build: [0m[34mℹ[39m Using tsdown config: [4m/home/nxtwave/Desktop/Nxtwave-codebase/n8n-custom/packages/frontend/@n8n/i18n/tsdown.config.ts[24m
[35m@n8n/i18n:build: [0m[34mℹ[39m entry: [34msrc/index.ts, src/types.ts, src/utils.ts[39m
[35m@n8n/i18n:build: [0m[34mℹ[39m tsconfig: [34mtsconfig.json[39m
[35m@n8n/i18n:build: [0m[34mℹ[39m Build start
[35m@n8n/i18n:build: [0m[34mℹ[39m Cleaning 20 files
[35m@n8n/i18n:build: [0m[34mℹ[39m [33m[CJS][39m [2mdist/[22m[1mindex.cjs[22m       [2m338.07 kB[22m [2m│ gzip: 76.78 kB[22m
[35m@n8n/i18n:build: [0m[34mℹ[39m [33m[CJS][39m [2mdist/[22m[1mutils.cjs[22m       [2m  0.29 kB[22m [2m│ gzip:  0.15 kB[22m
[35m@n8n/i18n:build: [0m[34mℹ[39m [33m[CJS][39m [2mdist/[22m[1mtypes.cjs[22m       [2m  0.00 kB[22m [2m│ gzip:  0.02 kB[22m
[35m@n8n/i18n:build: [0m[34mℹ[39m [33m[CJS][39m [2mdist/[22mindex.cjs.map   [2m428.35 kB[22m [2m│ gzip: 87.16 kB[22m
[35m@n8n/i18n:build: [0m[34mℹ[39m [33m[CJS][39m [2mdist/[22mutils2.cjs.map  [2m  3.42 kB[22m [2m│ gzip:  1.35 kB[22m
[35m@n8n/i18n:build: [0m[34mℹ[39m [33m[CJS][39m [2mdist/[22mutils2.cjs      [2m  2.69 kB[22m [2m│ gzip:  1.02 kB[22m
[35m@n8n/i18n:build: [0m[34mℹ[39m [33m[CJS][39m 6 files, total: 772.83 kB
[35m@n8n/i18n:build: [0m[34mℹ[39m [34m[ESM][39m [2mdist/[22m[1mindex.mjs[22m       [2m337.68 kB[22m [2m│ gzip: 76.76 kB[22m
[35m@n8n/i18n:build: [0m[34mℹ[39m [34m[ESM][39m [2mdist/[22m[1mutils.mjs[22m       [2m  0.22 kB[22m [2m│ gzip:  0.15 kB[22m
[35m@n8n/i18n:build: [0m[34mℹ[39m [34m[ESM][39m [2mdist/[22m[1mtypes.mjs[22m       [2m  0.01 kB[22m [2m│ gzip:  0.03 kB[22m
[35m@n8n/i18n:build: [0m[34mℹ[39m [34m[ESM][39m [2mdist/[22mindex.mjs.map   [2m428.25 kB[22m [2m│ gzip: 87.11 kB[22m
[35m@n8n/i18n:build: [0m[34mℹ[39m [34m[ESM][39m [2mdist/[22mutils2.mjs.map  [2m  3.42 kB[22m [2m│ gzip:  1.35 kB[22m
[35m@n8n/i18n:build: [0m[34mℹ[39m [34m[ESM][39m [2mdist/[22mutils2.mjs      [2m  2.27 kB[22m [2m│ gzip:  0.96 kB[22m
[35m@n8n/i18n:build: [0m[34mℹ[39m [34m[ESM][39m [2mdist/[22m[32m[1mindex.d.mts[22m[39m     [2m218.51 kB[22m [2m│ gzip: 29.56 kB[22m
[35m@n8n/i18n:build: [0m[34mℹ[39m [34m[ESM][39m [2mdist/[22m[32m[1mutils.d.mts[22m[39m     [2m  0.46 kB[22m [2m│ gzip:  0.25 kB[22m
[35m@n8n/i18n:build: [0m[34mℹ[39m [34m[ESM][39m [2mdist/[22m[32m[1mtypes.d.mts[22m[39m     [2m  0.20 kB[22m [2m│ gzip:  0.14 kB[22m
[35m@n8n/i18n:build: [0m[34mℹ[39m [34m[ESM][39m [2mdist/[22m[32mtypes2.d.mts[39m    [2m206.93 kB[22m [2m│ gzip: 28.51 kB[22m
[35m@n8n/i18n:build: [0m[34mℹ[39m [34m[ESM][39m 10 files, total: 1197.94 kB
[35m@n8n/i18n:build: [0m[34mℹ[39m [33m[CJS][39m [2mdist/[22m[32m[1mindex.d.cts[22m[39m   [2m218.51 kB[22m [2m│ gzip: 29.56 kB[22m
[35m@n8n/i18n:build: [0m[34mℹ[39m [33m[CJS][39m [2mdist/[22m[32m[1mutils.d.cts[22m[39m   [2m  0.46 kB[22m [2m│ gzip:  0.25 kB[22m
[35m@n8n/i18n:build: [0m[34mℹ[39m [33m[CJS][39m [2mdist/[22m[32m[1mtypes.d.cts[22m[39m   [2m  0.20 kB[22m [2m│ gzip:  0.14 kB[22m
[35m@n8n/i18n:build: [0m[34mℹ[39m [33m[CJS][39m [2mdist/[22m[32mtypes2.d.cts[39m  [2m206.93 kB[22m [2m│ gzip: 28.51 kB[22m
[35m@n8n/i18n:build: [0m[34mℹ[39m [33m[CJS][39m 4 files, total: 426.10 kB
[35m@n8n/i18n:build: [0m[32m✔[39m Build complete in [32m2302ms[39m
[34m@n8n/decorators:build: [0mcache hit, replaying logs [2maffad7c6fc42a706[0m
[34m@n8n/decorators:build: [0m
[34m@n8n/decorators:build: [0m> @n8n/decorators@0.33.0 build /home/nxtwave/Desktop/Nxtwave-codebase/n8n-custom/packages/@n8n/decorators
[34m@n8n/decorators:build: [0m> tsc -p tsconfig.build.json
[34m@n8n/decorators:build: [0m
[33m@n8n/backend-common:build: [0mcache hit, replaying logs [2m563db62cd77bfe45[0m
[33m@n8n/backend-common:build: [0m
[33m@n8n/backend-common:build: [0m> @n8n/backend-common@0.33.0 build /home/nxtwave/Desktop/Nxtwave-codebase/n8n-custom/packages/@n8n/backend-common
[33m@n8n/backend-common:build: [0m> tsc -p tsconfig.build.json
[33m@n8n/backend-common:build: [0m
[32m@n8n/api-types:build: [0mcache hit, replaying logs [2m8791a654629bbb2d[0m
[32m@n8n/api-types:build: [0m
[32m@n8n/api-types:build: [0m> @n8n/api-types@0.57.0 build /home/nxtwave/Desktop/Nxtwave-codebase/n8n-custom/packages/@n8n/api-types
[32m@n8n/api-types:build: [0m> tsc -p tsconfig.build.json
[32m@n8n/api-types:build: [0m
[36mn8n-core:build: [0mcache hit, replaying logs [2mf6af65f39022f9c3[0m
[36mn8n-core:build: [0m
[36mn8n-core:build: [0m> n8n-core@1.122.0 build /home/nxtwave/Desktop/Nxtwave-codebase/n8n-custom/packages/core
[36mn8n-core:build: [0m> tsc -p tsconfig.build.json && tsc-alias -p tsconfig.build.json
[36mn8n-core:build: [0m
[35m@n8n/ai-workflow-builder:build: [0mcache hit, replaying logs [2m729e3fef103f7fc7[0m
[35m@n8n/ai-workflow-builder:build: [0m
[35m@n8n/ai-workflow-builder:build: [0m> @n8n/ai-workflow-builder@0.33.0 build /home/nxtwave/Desktop/Nxtwave-codebase/n8n-custom/packages/@n8n/ai-workflow-builder.ee
[35m@n8n/ai-workflow-builder:build: [0m> tsc -p ./tsconfig.build.json && tsc-alias -p tsconfig.build.json
[35m@n8n/ai-workflow-builder:build: [0m
[32mn8n-node-dev:build: [0mcache hit, replaying logs [2ma8698c17196d3698[0m
[32mn8n-node-dev:build: [0m
[32mn8n-node-dev:build: [0m
[32mn8n-node-dev:build: [0m> n8n-node-dev@1.121.0 build /home/nxtwave/Desktop/Nxtwave-codebase/n8n-custom/packages/node-dev
[32mn8n-node-dev:build: [0m> tsc --noEmit
[32mn8n-node-dev:build: [0m
[34m@n8n/rest-api-client:build: [0mcache hit, replaying logs [2m930e565815686808[0m
[34m@n8n/rest-api-client:build: [0m
[34m@n8n/rest-api-client:build: [0m
[34m@n8n/rest-api-client:build: [0m> @n8n/rest-api-client@1.26.0 build /home/nxtwave/Desktop/Nxtwave-codebase/n8n-custom/packages/frontend/@n8n/rest-api-client
[34m@n8n/rest-api-client:build: [0m> tsdown
[34m@n8n/rest-api-client:build: [0m
[34m@n8n/rest-api-client:build: [0m[34mℹ[39m tsdown [2mv0.16.5[22m powered by rolldown [2mv1.0.0-beta.50[22m
[34m@n8n/rest-api-client:build: [0m[34mℹ[39m Using tsdown config: [4m/home/nxtwave/Desktop/Nxtwave-codebase/n8n-custom/packages/frontend/@n8n/rest-api-client/tsdown.config.ts[24m
[34m@n8n/rest-api-client:build: [0m[34mℹ[39m entry: [34msrc/index.ts, src/types.ts, src/utils.ts, src/api/api-keys.ts, src/api/breaking-changes.ts, src/api/cloudPlans.ts, src/api/communityNodes.ts, src/api/consent.ts, src/api/ctas.ts, src/api/dynamic-banners.ts, src/api/eventbus.ee.ts, src/api/events.ts, src/api/execution.ts, src/api/externalSecrets.ee.ts, src/api/index.ts, src/api/ldap.ts, src/api/mfa.ts, src/api/module-settings.ts, src/api/nodeTypes.ts, src/api/npsSurvey.ts, src/api/orchestration.ts, src/api/prompts.ts, src/api/provisioning.ts, src/api/roles.ts, src/api/settings.ts, src/api/sso.ts, src/api/tags.ts, src/api/templates.ts, src/api/third-party-licenses.ts, src/api/ui.ts, src/api/usage.ts, src/api/users.ts, src/api/versions.ts, src/api/webhooks.ts, src/api/workflowHistory.ts, src/api/workflows.ts[39m
[34m@n8n/rest-api-client:build: [0m[34mℹ[39m tsconfig: [34mtsconfig.json[39m
[34m@n8n/rest-api-client:build: [0m[34mℹ[39m Build start
[34m@n8n/rest-api-client:build: [0m[34mℹ[39m Cleaning 323 files
[34m@n8n/rest-api-client:build: [0m[34mℹ[39m [33m[CJS][39m [2mdist/[22m[1mindex.cjs[22m                     [2m 9.23 kB[22m [2m│ gzip: 1.81 kB[22m
[34m@n8n/rest-api-client:build: [0m[34mℹ[39m [33m[CJS][39m [2mdist/[22m[1mapi/index.cjs[22m                 [2m 8.68 kB[22m [2m│ gzip: 1.68 kB[22m
[34m@n8n/rest-api-client:build: [0m[34mℹ[39m [33m[CJS][39m [2mdist/[22m[1mapi/users.cjs[22m                 [2m 1.19 kB[22m [2m│ gzip: 0.32 kB[22m
[34m@n8n/rest-api-client:build: [0m[34mℹ[39m [33m[CJS][39m [2mdist/[22m[1mapi/nodeTypes.cjs[22m             [2m 0.86 kB[22m [2m│ gzip: 0.25 kB[22m
[34m@n8n/rest-api-client:build: [0m[34mℹ[39m [33m[CJS][39m [2mdist/[22m[1mapi/breaking-changes.cjs[22m      [2m 0.78 kB[22m [2m│ gzip: 0.33 kB[22m
[34m@n8n/rest-api-client:build: [0m[34mℹ[39m [33m[CJS][39m [2mdist/[22m[1mapi/externalSecrets.ee.cjs[22m    [2m 0.68 kB[22m [2m│ gzip: 0.18 kB[22m
[34m@n8n/rest-api-client:build: [0m[34mℹ[39m [33m[CJS][39m [2mdist/[22m[1mutils.cjs[22m                     [2m 0.61 kB[22m [2m│ gzip: 0.22 kB[22m
[34m@n8n/rest-api-client:build: [0m[34mℹ[39m [33m[CJS][39m [2mdist/[22m[1mapi/eventbus.ee.cjs[22m           [2m 0.56 kB[22m [2m│ gzip: 0.19 kB[22m
[34m@n8n/rest-api-client:build: [0m[34mℹ[39m [33m[CJS][39m [2mdist/[22m[1mapi/sso.cjs[22m                   [2m 0.53 kB[22m [2m│ gzip: 0.18 kB[22m
[34m@n8n/rest-api-client:build: [0m[34mℹ[39m [33m[CJS][39m [2mdist/[22m[1mapi/templates.cjs[22m             [2m 0.51 kB[22m [2m│ gzip: 0.18 kB[22m
[34m@n8n/rest-api-client:build: [0m[34mℹ[39m [33m[CJS][39m [2mdist/[22m[1mapi/consent.cjs[22m               [2m 0.50 kB[22m [2m│ gzip: 0.26 kB[22m
[34m@n8n/rest-api-client:build: [0m[34mℹ[39m [33m[CJS][39m [2mdist/[22m[1mapi/communityNodes.cjs[22m        [2m 0.48 kB[22m [2m│ gzip: 0.17 kB[22m
[34m@n8n/rest-api-client:build: [0m[34mℹ[39m [33m[CJS][39m [2mdist/[22m[1mapi/cloudPlans.cjs[22m            [2m 0.48 kB[22m [2m│ gzip: 0.18 kB[22m
[34m@n8n/rest-api-client:build: [0m[34mℹ[39m [33m[CJS][39m [2mdist/[22m[1mapi/usage.cjs[22m                 [2m 0.37 kB[22m [2m│ gzip: 0.17 kB[22m
[34m@n8n/rest-api-client:build: [0m[34mℹ[39m [33m[CJS][39m [2mdist/[22m[1mapi/ldap.cjs[22m                  [2m 0.36 kB[22m [2m│ gzip: 0.16 kB[22m
[34m@n8n/rest-api-client:build: [0m[34mℹ[39m [33m[CJS][39m [2mdist/[22m[1mapi/mfa.cjs[22m                   [2m 0.35 kB[22m [2m│ gzip: 0.17 kB[22m
[34m@n8n/rest-api-client:build: [0m[34mℹ[39m [33m[CJS][39m [2mdist/[22m[1mapi/roles.cjs[22m                 [2m 0.35 kB[22m [2m│ gzip: 0.15 kB[22m
[34m@n8n/rest-api-client:build: [0m[34mℹ[39m [33m[CJS][39m [2mdist/[22m[1mapi/api-keys.cjs[22m              [2m 0.35 kB[22m [2m│ gzip: 0.15 kB[22m
[34m@n8n/rest-api-client:build: [0m[34mℹ[39m [33m[CJS][39m [2mdist/[22m[1mapi/dynamic-banners.cjs[22m       [2m 0.30 kB[22m [2m│ gzip: 0.20 kB[22m
[34m@n8n/rest-api-client:build: [0m[34mℹ[39m [33m[CJS][39m [2mdist/[22m[1mapi/provisioning.cjs[22m          [2m 0.24 kB[22m [2m│ gzip: 0.12 kB[22m
[34m@n8n/rest-api-client:build: [0m[34mℹ[39m [33m[CJS][39m [2mdist/[22m[1mapi/workflowHistory.cjs[22m       [2m 0.24 kB[22m [2m│ gzip: 0.12 kB[22m
[34m@n8n/rest-api-client:build: [0m[34mℹ[39m [33m[CJS][39m [2mdist/[22m[1mapi/versions.cjs[22m              [2m 0.20 kB[22m [2m│ gzip: 0.12 kB[22m
[34m@n8n/rest-api-client:build: [0m[34mℹ[39m [33m[CJS][39m [2mdist/[22m[1mapi/prompts.cjs[22m               [2m 0.20 kB[22m [2m│ gzip: 0.12 kB[22m
[34m@n8n/rest-api-client:build: [0m[34mℹ[39m [33m[CJS][39m [2mdist/[22m[1mapi/third-party-licenses.cjs[22m  [2m 0.19 kB[22m [2m│ gzip: 0.12 kB[22m
[34m@n8n/rest-api-client:build: [0m[34mℹ[39m [33m[CJS][39m [2mdist/[22m[1mapi/module-settings.cjs[22m       [2m 0.16 kB[22m [2m│ gzip: 0.11 kB[22m
[34m@n8n/rest-api-client:build: [0m[34mℹ[39m [33m[CJS][39m [2mdist/[22m[1mapi/orchestration.cjs[22m         [2m 0.16 kB[22m [2m│ gzip: 0.11 kB[22m
[34m@n8n/rest-api-client:build: [0m[34mℹ[39m [33m[CJS][39m [2mdist/[22m[1mapi/npsSurvey.cjs[22m             [2m 0.15 kB[22m [2m│ gzip: 0.10 kB[22m
[34m@n8n/rest-api-client:build: [0m[34mℹ[39m [33m[CJS][39m [2mdist/[22m[1mapi/ui.cjs[22m                    [2m 0.14 kB[22m [2m│ gzip: 0.11 kB[22m
[34m@n8n/rest-api-client:build: [0m[34mℹ[39m [33m[CJS][39m [2mdist/[22m[1mapi/ctas.cjs[22m                  [2m 0.14 kB[22m [2m│ gzip: 0.10 kB[22m
[34m@n8n/rest-api-client:build: [0m[34mℹ[39m [33m[CJS][39m [2mdist/[22m[1mapi/events.cjs[22m                [2m 0.13 kB[22m [2m│ gzip: 0.10 kB[22m
[34m@n8n/rest-api-client:build: [0m[34mℹ[39m [33m[CJS][39m [2mdist/[22m[1mapi/settings.cjs[22m              [2m 0.13 kB[22m [2m│ gzip: 0.09 kB[22m
[34m@n8n/rest-api-client:build: [0m[34mℹ[39m [33m[CJS][39m [2mdist/[22m[1mapi/webhooks.cjs[22m              [2m 0.13 kB[22m [2m│ gzip: 0.10 kB[22m
[34m@n8n/rest-api-client:build: [0m[34mℹ[39m [33m[CJS][39m [2mdist/[22m[1mapi/execution.cjs[22m             [2m 0.00 kB[22m [2m│ gzip: 0.02 kB[22m
[34m@n8n/rest-api-client:build: [0m[34mℹ[39m [33m[CJS][39m [2mdist/[22m[1mapi/tags.cjs[22m                  [2m 0.00 kB[22m [2m│ gzip: 0.02 kB[22m
[34m@n8n/rest-api-client:build: [0m[34mℹ[39m [33m[CJS][39m [2mdist/[22m[1mapi/workflows.cjs[22m             [2m 0.00 kB[22m [2m│ gzip: 0.02 kB[22m
[34m@n8n/rest-api-client:build: [0m[34mℹ[39m [33m[CJS][39m [2mdist/[22m[1mtypes.cjs[22m                     [2m 0.00 kB[22m [2m│ gzip: 0.02 kB[22m
[34m@n8n/rest-api-client:build: [0m[34mℹ[39m [33m[CJS][39m [2mdist/[22mutils2.cjs.map                [2m13.07 kB[22m [2m│ gzip: 4.24 kB[22m
[34m@n8n/rest-api-client:build: [0m[34mℹ[39m [33m[CJS][39m [2mdist/[22mutils2.cjs                    [2m 8.86 kB[22m [2m│ gzip: 2.85 kB[22m
[34m@n8n/rest-api-client:build: [0m[34mℹ[39m [33m[CJS][39m [2mdist/[22musers.cjs.map                 [2m 8.64 kB[22m [2m│ gzip: 1.84 kB[22m
[34m@n8n/rest-api-client:build: [0m[34mℹ[39m [33m[CJS][39m [2mdist/[22mtemplates.cjs.map             [2m 6.30 kB[22m [2m│ gzip: 1.70 kB[22m
[34m@n8n/rest-api-client:build: [0m[34mℹ[39m [33m[CJS][39m [2mdist/[22musers.cjs                     [2m 5.39 kB[22m [2m│ gzip: 0.86 kB[22m
[34m@n8n/rest-api-client:build: [0m[34mℹ[39m [33m[CJS][39m [2mdist/[22mnodeTypes.cjs.map             [2m 4.67 kB[22m [2m│ gzip: 1.32 kB[22m
[34m@n8n/rest-api-client:build: [0m[34mℹ[39m [33m[CJS][39m [2mdist/[22mnodeTypes.cjs                 [2m 3.77 kB[22m [2m│ gzip: 0.84 kB[22m
[34m@n8n/rest-api-client:build: [0m[34mℹ[39m [33m[CJS][39m [2mdist/[22msso.cjs.map                   [2m 2.84 kB[22m [2m│ gzip: 0.77 kB[22m
[34m@n8n/rest-api-client:build: [0m[34mℹ[39m [33m[CJS][39m [2mdist/[22mcloudPlans.cjs.map            [2m 2.79 kB[22m [2m│ gzip: 1.01 kB[22m
[34m@n8n/rest-api-client:build: [0m[34mℹ[39m [33m[CJS][39m [2mdist/[22mexternalSecrets.ee.cjs.map    [2m 2.64 kB[22m [2m│ gzip: 0.70 kB[22m
[34m@n8n/rest-api-client:build: [0m[34mℹ[39m [33m[CJS][39m [2mdist/[22mldap.cjs.map                  [2m 2.63 kB[22m [2m│ gzip: 0.90 kB[22m
[34m@n8n/rest-api-client:build: [0m[34mℹ[39m [33m[CJS][39m [2mdist/[22msso.cjs                       [2m 2.52 kB[22m [2m│ gzip: 0.49 kB[22m
[34m@n8n/rest-api-client:build: [0m[34mℹ[39m [33m[CJS][39m [2mdist/[22mtemplates.cjs                 [2m 2.50 kB[22m [2m│ gzip: 0.59 kB[22m
[34m@n8n/rest-api-client:build: [0m[34mℹ[39m [33m[CJS][39m [2mdist/[22meventbus.ee.cjs.map           [2m 2.33 kB[22m [2m│ gzip: 0.79 kB[22m
[34m@n8n/rest-api-client:build: [0m[34mℹ[39m [33m[CJS][39m [2mdist/[22mexternalSecrets.ee.cjs        [2m 2.31 kB[22m [2m│ gzip: 0.45 kB[22m
[34m@n8n/rest-api-client:build: [0m[34mℹ[39m [33m[CJS][39m [2mdist/[22mcommunityNodes.cjs.map        [2m 2.11 kB[22m [2m│ gzip: 0.82 kB[22m
[34m@n8n/rest-api-client:build: [0m[34mℹ[39m [33m[CJS][39m [2mdist/[22mversions.cjs.map              [2m 2.05 kB[22m [2m│ gzip: 0.78 kB[22m
[34m@n8n/rest-api-client:build: [0m[34mℹ[39m [33m[CJS][39m [2mdist/[22mworkflowHistory.cjs.map       [2m 1.97 kB[22m [2m│ gzip: 0.71 kB[22m
[34m@n8n/rest-api-client:build: [0m[34mℹ[39m [33m[CJS][39m [2mdist/[22meventbus.ee.cjs               [2m 1.94 kB[22m [2m│ gzip: 0.50 kB[22m
[34m@n8n/rest-api-client:build: [0m[34mℹ[39m [33m[CJS][39m [2mdist/[22mmfa.cjs.map                   [2m 1.88 kB[22m [2m│ gzip: 0.61 kB[22m
[34m@n8n/rest-api-client:build: [0m[34mℹ[39m [33m[CJS][39m [2mdist/[22musage.cjs.map                 [2m 1.80 kB[22m [2m│ gzip: 0.64 kB[22m
[34m@n8n/rest-api-client:build: [0m[34mℹ[39m [33m[CJS][39m [2mdist/[22mcommunityNodes.cjs            [2m 1.76 kB[22m [2m│ gzip: 0.57 kB[22m
[34m@n8n/rest-api-client:build: [0m[34mℹ[39m [33m[CJS][39m [2mdist/[22mroles.cjs.map                 [2m 1.76 kB[22m [2m│ gzip: 0.60 kB[22m
[34m@n8n/rest-api-client:build: [0m[34mℹ[39m [33m[CJS][39m [2mdist/[22mapi-keys.cjs.map              [2m 1.75 kB[22m [2m│ gzip: 0.58 kB[22m
[34m@n8n/rest-api-client:build: [0m[34mℹ[39m [33m[CJS][39m [2mdist/[22mcloudPlans.cjs                [2m 1.69 kB[22m [2m│ gzip: 0.43 kB[22m
[34m@n8n/rest-api-client:build: [0m[34mℹ[39m [33m[CJS][39m [2mdist/[22mmfa.cjs                       [2m 1.63 kB[22m [2m│ gzip: 0.41 kB[22m
[34m@n8n/rest-api-client:build: [0m[34mℹ[39m [33m[CJS][39m [2mdist/[22mapi/breaking-changes.cjs.map  [2m 1.56 kB[22m [2m│ gzip: 0.62 kB[22m
[34m@n8n/rest-api-client:build: [0m[34mℹ[39m [33m[CJS][39m [2mdist/[22musage.cjs                     [2m 1.52 kB[22m [2m│ gzip: 0.42 kB[22m
[34m@n8n/rest-api-client:build: [0m[34mℹ[39m [33m[CJS][39m [2mdist/[22mroles.cjs                     [2m 1.49 kB[22m [2m│ gzip: 0.41 kB[22m
[34m@n8n/rest-api-client:build: [0m[34mℹ[39m [33m[CJS][39m [2mdist/[22mldap.cjs                      [2m 1.47 kB[22m [2m│ gzip: 0.40 kB[22m
[34m@n8n/rest-api-client:build: [0m[34mℹ[39m [33m[CJS][39m [2mdist/[22mapi-keys.cjs                  [2m 1.41 kB[22m [2m│ gzip: 0.39 kB[22m
[34m@n8n/rest-api-client:build: [0m[34mℹ[39m [33m[CJS][39m [2mdist/[22mprompts.cjs.map               [2m 1.16 kB[22m [2m│ gzip: 0.53 kB[22m
[34m@n8n/rest-api-client:build: [0m[34mℹ[39m [33m[CJS][39m [2mdist/[22mprovisioning.cjs.map          [2m 1.08 kB[22m [2m│ gzip: 0.46 kB[22m
[34m@n8n/rest-api-client:build: [0m[34mℹ[39m [33m[CJS][39m [2mdist/[22mapi/consent.cjs.map           [2m 0.96 kB[22m [2m│ gzip: 0.45 kB[22m
[34m@n8n/rest-api-client:build: [0m[34mℹ[39m [33m[CJS][39m [2mdist/[22mapi/dynamic-banners.cjs.map   [2m 0.94 kB[22m [2m│ gzip: 0.51 kB[22m
[34m@n8n/rest-api-client:build: [0m[34mℹ[39m [33m[CJS][39m [2mdist/[22mversions.cjs                  [2m 0.88 kB[22m [2m│ gzip: 0.37 kB[22m
[34m@n8n/rest-api-client:build: [0m[34mℹ[39m [33m[CJS][39m [2mdist/[22mprompts.cjs                   [2m 0.85 kB[22m [2m│ gzip: 0.37 kB[22m
[34m@n8n/rest-api-client:build: [0m[34mℹ[39m [33m[CJS][39m [2mdist/[22mworkflowHistory.cjs           [2m 0.83 kB[22m [2m│ gzip: 0.34 kB[22m
[34m@n8n/rest-api-client:build: [0m[34mℹ[39m [33m[CJS][39m [2mdist/[22mprovisioning.cjs              [2m 0.73 kB[22m [2m│ gzip: 0.32 kB[22m
[34m@n8n/rest-api-client:build: [0m[34mℹ[39m [33m[CJS][39m [2mdist/[22mwebhooks.cjs.map              [2m 0.73 kB[22m [2m│ gzip: 0.42 kB[22m
[34m@n8n/rest-api-client:build: [0m[34mℹ[39m [33m[CJS][39m [2mdist/[22mui.cjs.map                    [2m 0.66 kB[22m [2m│ gzip: 0.40 kB[22m
[34m@n8n/rest-api-client:build: [0m[34mℹ[39m [33m[CJS][39m [2mdist/[22mmodule-settings.cjs.map       [2m 0.56 kB[22m [2m│ gzip: 0.32 kB[22m
[34m@n8n/rest-api-client:build: [0m[34mℹ[39m [33m[CJS][39m [2mdist/[22morchestration.cjs.map         [2m 0.56 kB[22m [2m│ gzip: 0.35 kB[22m
[34m@n8n/rest-api-client:build: [0m[34mℹ[39m [33m[CJS][39m [2mdist/[22mthird-party-licenses.cjs.map  [2m 0.55 kB[22m [2m│ gzip: 0.35 kB[22m
[34m@n8n/rest-api-client:build: [0m[34mℹ[39m [33m[CJS][39m [2mdist/[22mnpsSurvey.cjs.map             [2m 0.55 kB[22m [2m│ gzip: 0.33 kB[22m
[34m@n8n/rest-api-client:build: [0m[34mℹ[39m [33m[CJS][39m [2mdist/[22msettings.cjs.map              [2m 0.52 kB[22m [2m│ gzip: 0.31 kB[22m
[34m@n8n/rest-api-client:build: [0m[34mℹ[39m [33m[CJS][39m [2mdist/[22mthird-party-licenses.cjs      [2m 0.47 kB[22m [2m│ gzip: 0.29 kB[22m
[34m@n8n/rest-api-client:build: [0m[34mℹ[39m [33m[CJS][39m [2mdist/[22morchestration.cjs             [2m 0.47 kB[22m [2m│ gzip: 0.30 kB[22m
[34m@n8n/rest-api-client:build: [0m[34mℹ[39m [33m[CJS][39m [2mdist/[22mevents.cjs.map                [2m 0.46 kB[22m [2m│ gzip: 0.30 kB[22m
[34m@n8n/rest-api-client:build: [0m[34mℹ[39m [33m[CJS][39m [2mdist/[22mctas.cjs.map                  [2m 0.45 kB[22m [2m│ gzip: 0.31 kB[22m
[34m@n8n/rest-api-client:build: [0m[34mℹ[39m [33m[CJS][39m [2mdist/[22mui.cjs                        [2m 0.44 kB[22m [2m│ gzip: 0.29 kB[22m
[34m@n8n/rest-api-client:build: [0m[34mℹ[39m [33m[CJS][39m [2mdist/[22mnpsSurvey.cjs                 [2m 0.42 kB[22m [2m│ gzip: 0.28 kB[22m
[34m@n8n/rest-api-client:build: [0m[34mℹ[39m [33m[CJS][39m [2mdist/[22mmodule-settings.cjs           [2m 0.41 kB[22m [2m│ gzip: 0.27 kB[22m
[34m@n8n/rest-api-client:build: [0m[34mℹ[39m [33m[CJS][39m [2mdist/[22mwebhooks.cjs                  [2m 0.39 kB[22m [2m│ gzip: 0.27 kB[22m
[34m@n8n/rest-api-client:build: [0m[34mℹ[39m [33m[CJS][39m [2mdist/[22mevents.cjs                    [2m 0.39 kB[22m [2m│ gzip: 0.27 kB[22m
[34m@n8n/rest-api-client:build: [0m[34mℹ[39m [33m[CJS][39m [2mdist/[22mctas.cjs                      [2m 0.38 kB[22m [2m│ gzip: 0.26 kB[22m
[34m@n8n/rest-api-client:build: [0m[34mℹ[39m [33m[CJS][39m [2mdist/[22msettings.cjs                  [2m 0.37 kB[22m [2m│ gzip: 0.26 kB[22m
[34m@n8n/rest-api-client:build: [0m[34mℹ[39m [33m[CJS][39m [2mdist/[22mapi.cjs                       [2m 0.00 kB[22m [2m│ gzip: 0.02 kB[22m
[34m@n8n/rest-api-client:build: [0m[34mℹ[39m [33m[CJS][39m 94 files, total: 144.64 kB
[34m@n8n/rest-api-client:build: [0m[33m[EMPTY_IMPORT_META] Warning:[0m `import.meta` may not be a valid syntax with the `cjs` output format.
[34m@n8n/rest-api-client:build: [0m     [38;5;246m╭[0m[38;5;246m─[0m[38;5;246m[[0m src/utils.ts:112:3 [38;5;246m][0m
[34m@n8n/rest-api-client:build: [0m     [38;5;246m│[0m
[34m@n8n/rest-api-client:build: [0m [38;5;246m112 │[0m [38;5;249m [0m[38;5;249m [0m[38;5;249m [0m[38;5;249m [0m[38;5;249m [0m[38;5;249m [0m[38;5;249m [0mimport.meta[38;5;249m.[0m[38;5;249me[0m[38;5;249mn[0m[38;5;249mv[0m[38;5;249m.[0m[38;5;249mN[0m[38;5;249mO[0m[38;5;249mD[0m[38;5;249mE[0m[38;5;249m_[0m[38;5;249mE[0m[38;5;249mN[0m[38;5;249mV[0m[38;5;249m [0m[38;5;249m![0m[38;5;249m=[0m[38;5;249m=[0m[38;5;249m [0m[38;5;249m'[0m[38;5;249mp[0m[38;5;249mr[0m[38;5;249mo[0m[38;5;249md[0m[38;5;249mu[0m[38;5;249mc[0m[38;5;249mt[0m[38;5;249mi[0m[38;5;249mo[0m[38;5;249mn[0m[38;5;249m'[0m[38;5;249m [0m[38;5;249m&[0m[38;5;249m&[0m
[34m@n8n/rest-api-client:build: [0m [38;5;240m    │[0m        ─────┬─────  
[34m@n8n/rest-api-client:build: [0m [38;5;240m    │[0m             ╰─────── This `import.meta` will be replaced with an empty object (`{}`) automatically. If this is desired, you can suppress this warning by adding `transform.define: { 'import.meta': {} }`. If `import.meta` needs to be kept as-is, you need to set the output format to `esm`.
[34m@n8n/rest-api-client:build: [0m[38;5;246m─────╯[0m
[34m@n8n/rest-api-client:build: [0m
[34m@n8n/rest-api-client:build: [0m[34mℹ[39m [34m[ESM][39m [2mdist/[22m[1mindex.mjs[22m                       [2m 6.16 kB[22m [2m│ gzip: 1.71 kB[22m
[34m@n8n/rest-api-client:build: [0m[34mℹ[39m [34m[ESM][39m [2mdist/[22m[1mapi/index.mjs[22m                   [2m 5.82 kB[22m [2m│ gzip: 1.56 kB[22m
[34m@n8n/rest-api-client:build: [0m[34mℹ[39m [34m[ESM][39m [2mdist/[22m[1mapi/users.mjs[22m                   [2m 0.84 kB[22m [2m│ gzip: 0.33 kB[22m
[34m@n8n/rest-api-client:build: [0m[34mℹ[39m [34m[ESM][39m [2mdist/[22m[1mapi/breaking-changes.mjs[22m        [2m 0.69 kB[22m [2m│ gzip: 0.32 kB[22m
[34m@n8n/rest-api-client:build: [0m[34mℹ[39m [34m[ESM][39m [2mdist/[22m[1mapi/nodeTypes.mjs[22m               [2m 0.63 kB[22m [2m│ gzip: 0.24 kB[22m
[34m@n8n/rest-api-client:build: [0m[34mℹ[39m [34m[ESM][39m [2mdist/[22m[1mapi/externalSecrets.ee.mjs[22m      [2m 0.44 kB[22m [2m│ gzip: 0.18 kB[22m
[34m@n8n/rest-api-client:build: [0m[34mℹ[39m [34m[ESM][39m [2mdist/[22m[1mapi/consent.mjs[22m                 [2m 0.44 kB[22m [2m│ gzip: 0.24 kB[22m
[34m@n8n/rest-api-client:build: [0m[34mℹ[39m [34m[ESM][39m [2mdist/[22m[1mutils.mjs[22m                       [2m 0.41 kB[22m [2m│ gzip: 0.23 kB[22m
[34m@n8n/rest-api-client:build: [0m[34mℹ[39m [34m[ESM][39m [2mdist/[22m[1mapi/eventbus.ee.mjs[22m             [2m 0.40 kB[22m [2m│ gzip: 0.19 kB[22m
[34m@n8n/rest-api-client:build: [0m[34mℹ[39m [34m[ESM][39m [2mdist/[22m[1mapi/sso.mjs[22m                     [2m 0.38 kB[22m [2m│ gzip: 0.18 kB[22m
[34m@n8n/rest-api-client:build: [0m[34mℹ[39m [34m[ESM][39m [2mdist/[22m[1mapi/templates.mjs[22m               [2m 0.35 kB[22m [2m│ gzip: 0.17 kB[22m
[34m@n8n/rest-api-client:build: [0m[34mℹ[39m [34m[ESM][39m [2mdist/[22m[1mapi/communityNodes.mjs[22m          [2m 0.33 kB[22m [2m│ gzip: 0.17 kB[22m
[34m@n8n/rest-api-client:build: [0m[34mℹ[39m [34m[ESM][39m [2mdist/[22m[1mapi/cloudPlans.mjs[22m              [2m 0.33 kB[22m [2m│ gzip: 0.18 kB[22m
[34m@n8n/rest-api-client:build: [0m[34mℹ[39m [34m[ESM][39m [2mdist/[22m[1mapi/usage.mjs[22m                   [2m 0.28 kB[22m [2m│ gzip: 0.16 kB[22m
[34m@n8n/rest-api-client:build: [0m[34mℹ[39m [34m[ESM][39m [2mdist/[22m[1mapi/ldap.mjs[22m                    [2m 0.27 kB[22m [2m│ gzip: 0.16 kB[22m
[34m@n8n/rest-api-client:build: [0m[34mℹ[39m [34m[ESM][39m [2mdist/[22m[1mapi/dynamic-banners.mjs[22m         [2m 0.27 kB[22m [2m│ gzip: 0.19 kB[22m
[34m@n8n/rest-api-client:build: [0m[34mℹ[39m [34m[ESM][39m [2mdist/[22m[1mapi/roles.mjs[22m                   [2m 0.26 kB[22m [2m│ gzip: 0.15 kB[22m
[34m@n8n/rest-api-client:build: [0m[34mℹ[39m [34m[ESM][39m [2mdist/[22m[1mapi/mfa.mjs[22m                     [2m 0.25 kB[22m [2m│ gzip: 0.16 kB[22m
[34m@n8n/rest-api-client:build: [0m[34mℹ[39m [34m[ESM][39m [2mdist/[22m[1mapi/api-keys.mjs[22m                [2m 0.24 kB[22m [2m│ gzip: 0.14 kB[22m
[34m@n8n/rest-api-client:build: [0m[34mℹ[39m [34m[ESM][39m [2mdist/[22m[1mapi/provisioning.mjs[22m            [2m 0.18 kB[22m [2m│ gzip: 0.11 kB[22m
[34m@n8n/rest-api-client:build: [0m[34mℹ[39m [34m[ESM][39m [2mdist/[22m[1mapi/workflowHistory.mjs[22m         [2m 0.17 kB[22m [2m│ gzip: 0.11 kB[22m
[34m@n8n/rest-api-client:build: [0m[34mℹ[39m [34m[ESM][39m [2mdist/[22m[1mapi/versions.mjs[22m                [2m 0.15 kB[22m [2m│ gzip: 0.12 kB[22m
[34m@n8n/rest-api-client:build: [0m[34mℹ[39m [34m[ESM][39m [2mdist/[22m[1mapi/prompts.mjs[22m                 [2m 0.15 kB[22m [2m│ gzip: 0.12 kB[22m
[34m@n8n/rest-api-client:build: [0m[34mℹ[39m [34m[ESM][39m [2mdist/[22m[1mapi/third-party-licenses.mjs[22m    [2m 0.13 kB[22m [2m│ gzip: 0.10 kB[22m
[34m@n8n/rest-api-client:build: [0m[34mℹ[39m [34m[ESM][39m [2mdist/[22m[1mapi/orchestration.mjs[22m           [2m 0.12 kB[22m [2m│ gzip: 0.10 kB[22m
[34m@n8n/rest-api-client:build: [0m[34mℹ[39m [34m[ESM][39m [2mdist/[22m[1mapi/ui.mjs[22m                      [2m 0.12 kB[22m [2m│ gzip: 0.10 kB[22m
[34m@n8n/rest-api-client:build: [0m[34mℹ[39m [34m[ESM][39m [2mdist/[22m[1mapi/module-settings.mjs[22m         [2m 0.12 kB[22m [2m│ gzip: 0.10 kB[22m
[34m@n8n/rest-api-client:build: [0m[34mℹ[39m [34m[ESM][39m [2mdist/[22m[1mapi/npsSurvey.mjs[22m               [2m 0.12 kB[22m [2m│ gzip: 0.10 kB[22m
[34m@n8n/rest-api-client:build: [0m[34mℹ[39m [34m[ESM][39m [2mdist/[22m[1mapi/ctas.mjs[22m                    [2m 0.11 kB[22m [2m│ gzip: 0.10 kB[22m
[34m@n8n/rest-api-client:build: [0m[34mℹ[39m [34m[ESM][39m [2mdist/[22m[1mapi/events.mjs[22m                  [2m 0.10 kB[22m [2m│ gzip: 0.09 kB[22m
[34m@n8n/rest-api-client:build: [0m[34mℹ[39m [34m[ESM][39m [2mdist/[22m[1mapi/settings.mjs[22m                [2m 0.10 kB[22m [2m│ gzip: 0.09 kB[22m
[34m@n8n/rest-api-client:build: [0m[34mℹ[39m [34m[ESM][39m [2mdist/[22m[1mapi/webhooks.mjs[22m                [2m 0.10 kB[22m [2m│ gzip: 0.09 kB[22m
[34m@n8n/rest-api-client:build: [0m[34mℹ[39m [34m[ESM][39m [2mdist/[22m[1mapi/execution.mjs[22m               [2m 0.01 kB[22m [2m│ gzip: 0.03 kB[22m
[34m@n8n/rest-api-client:build: [0m[34mℹ[39m [34m[ESM][39m [2mdist/[22m[1mapi/tags.mjs[22m                    [2m 0.01 kB[22m [2m│ gzip: 0.03 kB[22m
[34m@n8n/rest-api-client:build: [0m[34mℹ[39m [34m[ESM][39m [2mdist/[22m[1mapi/workflows.mjs[22m               [2m 0.01 kB[22m [2m│ gzip: 0.03 kB[22m
[34m@n8n/rest-api-client:build: [0m[34mℹ[39m [34m[ESM][39m [2mdist/[22m[1mtypes.mjs[22m                       [2m 0.01 kB[22m [2m│ gzip: 0.03 kB[22m
[34m@n8n/rest-api-client:build: [0m[34mℹ[39m [34m[ESM][39m [2mdist/[22mutils2.mjs.map                  [2m13.01 kB[22m [2m│ gzip: 4.23 kB[22m
[34m@n8n/rest-api-client:build: [0m[34mℹ[39m [34m[ESM][39m [2mdist/[22musers.mjs.map                   [2m 8.60 kB[22m [2m│ gzip: 1.83 kB[22m
[34m@n8n/rest-api-client:build: [0m[34mℹ[39m [34m[ESM][39m [2mdist/[22mutils2.mjs                      [2m 6.52 kB[22m [2m│ gzip: 2.34 kB[22m
[34m@n8n/rest-api-client:build: [0m[34mℹ[39m [34m[ESM][39m [2mdist/[22mtemplates.mjs.map               [2m 6.28 kB[22m [2m│ gzip: 1.70 kB[22m
[34m@n8n/rest-api-client:build: [0m[34mℹ[39m [34m[ESM][39m [2mdist/[22mnodeTypes.mjs.map               [2m 4.64 kB[22m [2m│ gzip: 1.31 kB[22m
[34m@n8n/rest-api-client:build: [0m[34mℹ[39m [34m[ESM][39m [2mdist/[22musers.mjs                       [2m 3.10 kB[22m [2m│ gzip: 0.74 kB[22m
[34m@n8n/rest-api-client:build: [0m[34mℹ[39m [34m[ESM][39m [2mdist/[22msso.mjs.map                     [2m 2.81 kB[22m [2m│ gzip: 0.76 kB[22m
[34m@n8n/rest-api-client:build: [0m[34mℹ[39m [34m[ESM][39m [2mdist/[22mcloudPlans.mjs.map              [2m 2.77 kB[22m [2m│ gzip: 1.00 kB[22m
[34m@n8n/rest-api-client:build: [0m[34mℹ[39m [34m[ESM][39m [2mdist/[22mexternalSecrets.ee.mjs.map      [2m 2.61 kB[22m [2m│ gzip: 0.70 kB[22m
[34m@n8n/rest-api-client:build: [0m[34mℹ[39m [34m[ESM][39m [2mdist/[22mldap.mjs.map                    [2m 2.61 kB[22m [2m│ gzip: 0.89 kB[22m
[34m@n8n/rest-api-client:build: [0m[34mℹ[39m [34m[ESM][39m [2mdist/[22mnodeTypes.mjs                   [2m 2.44 kB[22m [2m│ gzip: 0.73 kB[22m
[34m@n8n/rest-api-client:build: [0m[34mℹ[39m [34m[ESM][39m [2mdist/[22meventbus.ee.mjs.map             [2m 2.31 kB[22m [2m│ gzip: 0.79 kB[22m
[34m@n8n/rest-api-client:build: [0m[34mℹ[39m [34m[ESM][39m [2mdist/[22mcommunityNodes.mjs.map          [2m 2.04 kB[22m [2m│ gzip: 0.80 kB[22m
[34m@n8n/rest-api-client:build: [0m[34mℹ[39m [34m[ESM][39m [2mdist/[22mversions.mjs.map                [2m 1.99 kB[22m [2m│ gzip: 0.76 kB[22m
[34m@n8n/rest-api-client:build: [0m[34mℹ[39m [34m[ESM][39m [2mdist/[22mworkflowHistory.mjs.map         [2m 1.96 kB[22m [2m│ gzip: 0.71 kB[22m
[34m@n8n/rest-api-client:build: [0m[34mℹ[39m [34m[ESM][39m [2mdist/[22mmfa.mjs.map                     [2m 1.85 kB[22m [2m│ gzip: 0.61 kB[22m
[34m@n8n/rest-api-client:build: [0m[34mℹ[39m [34m[ESM][39m [2mdist/[22musage.mjs.map                   [2m 1.77 kB[22m [2m│ gzip: 0.63 kB[22m
[34m@n8n/rest-api-client:build: [0m[34mℹ[39m [34m[ESM][39m [2mdist/[22mroles.mjs.map                   [2m 1.73 kB[22m [2m│ gzip: 0.60 kB[22m
[34m@n8n/rest-api-client:build: [0m[34mℹ[39m [34m[ESM][39m [2mdist/[22mapi-keys.mjs.map                [2m 1.73 kB[22m [2m│ gzip: 0.58 kB[22m
[34m@n8n/rest-api-client:build: [0m[34mℹ[39m [34m[ESM][39m [2mdist/[22mtemplates.mjs                   [2m 1.66 kB[22m [2m│ gzip: 0.51 kB[22m
[34m@n8n/rest-api-client:build: [0m[34mℹ[39m [34m[ESM][39m [2mdist/[22mapi/breaking-changes.mjs.map    [2m 1.53 kB[22m [2m│ gzip: 0.60 kB[22m
[34m@n8n/rest-api-client:build: [0m[34mℹ[39m [34m[ESM][39m [2mdist/[22msso.mjs                         [2m 1.46 kB[22m [2m│ gzip: 0.39 kB[22m
[34m@n8n/rest-api-client:build: [0m[34mℹ[39m [34m[ESM][39m [2mdist/[22mexternalSecrets.ee.mjs          [2m 1.44 kB[22m [2m│ gzip: 0.37 kB[22m
[34m@n8n/rest-api-client:build: [0m[34mℹ[39m [34m[ESM][39m [2mdist/[22meventbus.ee.mjs                 [2m 1.20 kB[22m [2m│ gzip: 0.42 kB[22m
[34m@n8n/rest-api-client:build: [0m[34mℹ[39m [34m[ESM][39m [2mdist/[22mcommunityNodes.mjs              [2m 1.17 kB[22m [2m│ gzip: 0.50 kB[22m
[34m@n8n/rest-api-client:build: [0m[34mℹ[39m [34m[ESM][39m [2mdist/[22mprompts.mjs.map                 [2m 1.13 kB[22m [2m│ gzip: 0.51 kB[22m
[34m@n8n/rest-api-client:build: [0m[34mℹ[39m [34m[ESM][39m [2mdist/[22mprovisioning.mjs.map            [2m 1.05 kB[22m [2m│ gzip: 0.46 kB[22m
[34m@n8n/rest-api-client:build: [0m[34mℹ[39m [34m[ESM][39m [2mdist/[22mcloudPlans.mjs                  [2m 0.97 kB[22m [2m│ gzip: 0.36 kB[22m
[34m@n8n/rest-api-client:build: [0m[34mℹ[39m [34m[ESM][39m [2mdist/[22mmfa.mjs                         [2m 0.95 kB[22m [2m│ gzip: 0.33 kB[22m
[34m@n8n/rest-api-client:build: [0m[34mℹ[39m [34m[ESM][39m [2mdist/[22mapi/consent.mjs.map             [2m 0.94 kB[22m [2m│ gzip: 0.45 kB[22m
[34m@n8n/rest-api-client:build: [0m[34mℹ[39m [34m[ESM][39m [2mdist/[22mapi/dynamic-banners.mjs.map     [2m 0.94 kB[22m [2m│ gzip: 0.50 kB[22m
[34m@n8n/rest-api-client:build: [0m[34mℹ[39m [34m[ESM][39m [2mdist/[22musage.mjs                       [2m 0.92 kB[22m [2m│ gzip: 0.34 kB[22m
[34m@n8n/rest-api-client:build: [0m[34mℹ[39m [34m[ESM][39m [2mdist/[22mroles.mjs                       [2m 0.90 kB[22m [2m│ gzip: 0.34 kB[22m
[34m@n8n/rest-api-client:build: [0m[34mℹ[39m [34m[ESM][39m [2mdist/[22mldap.mjs                        [2m 0.88 kB[22m [2m│ gzip: 0.33 kB[22m
[34m@n8n/rest-api-client:build: [0m[34mℹ[39m [34m[ESM][39m [2mdist/[22mapi-keys.mjs                    [2m 0.83 kB[22m [2m│ gzip: 0.31 kB[22m
[34m@n8n/rest-api-client:build: [0m[34mℹ[39m [34m[ESM][39m [2mdist/[22mwebhooks.mjs.map                [2m 0.71 kB[22m [2m│ gzip: 0.41 kB[22m
[34m@n8n/rest-api-client:build: [0m[34mℹ[39m [34m[ESM][39m [2mdist/[22mui.mjs.map                      [2m 0.64 kB[22m [2m│ gzip: 0.40 kB[22m
[34m@n8n/rest-api-client:build: [0m[34mℹ[39m [34m[ESM][39m [2mdist/[22mversions.mjs                    [2m 0.62 kB[22m [2m│ gzip: 0.30 kB[22m
[34m@n8n/rest-api-client:build: [0m[34mℹ[39m [34m[ESM][39m [2mdist/[22mprompts.mjs                     [2m 0.59 kB[22m [2m│ gzip: 0.30 kB[22m
[34m@n8n/rest-api-client:build: [0m[34mℹ[39m [34m[ESM][39m [2mdist/[22mworkflowHistory.mjs             [2m 0.59 kB[22m [2m│ gzip: 0.28 kB[22m
[34m@n8n/rest-api-client:build: [0m[34mℹ[39m [34m[ESM][39m [2mdist/[22mthird-party-licenses.mjs.map    [2m 0.54 kB[22m [2m│ gzip: 0.35 kB[22m
[34m@n8n/rest-api-client:build: [0m[34mℹ[39m [34m[ESM][39m [2mdist/[22mmodule-settings.mjs.map         [2m 0.54 kB[22m [2m│ gzip: 0.32 kB[22m
[34m@n8n/rest-api-client:build: [0m[34mℹ[39m [34m[ESM][39m [2mdist/[22morchestration.mjs.map           [2m 0.54 kB[22m [2m│ gzip: 0.35 kB[22m
[34m@n8n/rest-api-client:build: [0m[34mℹ[39m [34m[ESM][39m [2mdist/[22mnpsSurvey.mjs.map               [2m 0.53 kB[22m [2m│ gzip: 0.33 kB[22m
[34m@n8n/rest-api-client:build: [0m[34mℹ[39m [34m[ESM][39m [2mdist/[22msettings.mjs.map                [2m 0.50 kB[22m [2m│ gzip: 0.31 kB[22m
[34m@n8n/rest-api-client:build: [0m[34mℹ[39m [34m[ESM][39m [2mdist/[22mprovisioning.mjs                [2m 0.50 kB[22m [2m│ gzip: 0.25 kB[22m
[34m@n8n/rest-api-client:build: [0m[34mℹ[39m [34m[ESM][39m [2mdist/[22mctas.mjs.map                    [2m 0.45 kB[22m [2m│ gzip: 0.31 kB[22m
[34m@n8n/rest-api-client:build: [0m[34mℹ[39m [34m[ESM][39m [2mdist/[22mevents.mjs.map                  [2m 0.44 kB[22m [2m│ gzip: 0.30 kB[22m
[34m@n8n/rest-api-client:build: [0m[34mℹ[39m [34m[ESM][39m [2mdist/[22morchestration.mjs               [2m 0.36 kB[22m [2m│ gzip: 0.24 kB[22m
[34m@n8n/rest-api-client:build: [0m[34mℹ[39m [34m[ESM][39m [2mdist/[22mthird-party-licenses.mjs        [2m 0.35 kB[22m [2m│ gzip: 0.24 kB[22m
[34m@n8n/rest-api-client:build: [0m[34mℹ[39m [34m[ESM][39m [2mdist/[22mui.mjs                          [2m 0.33 kB[22m [2m│ gzip: 0.23 kB[22m
[34m@n8n/rest-api-client:build: [0m[34mℹ[39m [34m[ESM][39m [2mdist/[22mnpsSurvey.mjs                   [2m 0.32 kB[22m [2m│ gzip: 0.22 kB[22m
[34m@n8n/rest-api-client:build: [0m[34mℹ[39m [34m[ESM][39m [2mdist/[22mmodule-settings.mjs             [2m 0.30 kB[22m [2m│ gzip: 0.20 kB[22m
[34m@n8n/rest-api-client:build: [0m[34mℹ[39m [34m[ESM][39m [2mdist/[22mwebhooks.mjs                    [2m 0.29 kB[22m [2m│ gzip: 0.21 kB[22m
[34m@n8n/rest-api-client:build: [0m[34mℹ[39m [34m[ESM][39m [2mdist/[22mevents.mjs                      [2m 0.29 kB[22m [2m│ gzip: 0.21 kB[22m
[34m@n8n/rest-api-client:build: [0m[34mℹ[39m [34m[ESM][39m [2mdist/[22msettings.mjs                    [2m 0.27 kB[22m [2m│ gzip: 0.20 kB[22m
[34m@n8n/rest-api-client:build: [0m[34mℹ[39m [34m[ESM][39m [2mdist/[22mctas.mjs                        [2m 0.26 kB[22m [2m│ gzip: 0.20 kB[22m
[34m@n8n/rest-api-client:build: [0m[34mℹ[39m [34m[ESM][39m [2mdist/[22mapi.mjs                         [2m 0.01 kB[22m [2m│ gzip: 0.03 kB[22m
[34m@n8n/rest-api-client:build: [0m[34mℹ[39m [34m[ESM][39m [2mdist/[22m[32m[1mindex.d.mts[22m[39m                     [2m 8.63 kB[22m [2m│ gzip: 2.25 kB[22m
[34m@n8n/rest-api-client:build: [0m[34mℹ[39m [34m[ESM][39m [2mdist/[22m[32m[1mapi/index.d.mts[22m[39m                 [2m 8.22 kB[22m [2m│ gzip: 2.10 kB[22m
[34m@n8n/rest-api-client:build: [0m[34mℹ[39m [34m[ESM][39m [2mdist/[22m[32m[1mapi/users.d.mts[22m[39m                 [2m 1.35 kB[22m [2m│ gzip: 0.43 kB[22m
[34m@n8n/rest-api-client:build: [0m[34mℹ[39m [34m[ESM][39m [2mdist/[22m[32m[1mapi/templates.d.mts[22m[39m             [2m 1.12 kB[22m [2m│ gzip: 0.33 kB[22m
[34m@n8n/rest-api-client:build: [0m[34mℹ[39m [34m[ESM][39m [2mdist/[22m[32m[1mapi/breaking-changes.d.mts[22m[39m      [2m 0.77 kB[22m [2m│ gzip: 0.32 kB[22m
[34m@n8n/rest-api-client:build: [0m[34mℹ[39m [34m[ESM][39m [2mdist/[22m[32m[1mapi/dynamic-banners.d.mts[22m[39m       [2m 0.75 kB[22m [2m│ gzip: 0.40 kB[22m
[34m@n8n/rest-api-client:build: [0m[34mℹ[39m [34m[ESM][39m [2mdist/[22m[32m[1mapi/nodeTypes.d.mts[22m[39m             [2m 0.63 kB[22m [2m│ gzip: 0.24 kB[22m
[34m@n8n/rest-api-client:build: [0m[34mℹ[39m [34m[ESM][39m [2mdist/[22m[32m[1mapi/consent.d.mts[22m[39m               [2m 0.57 kB[22m [2m│ gzip: 0.28 kB[22m
[34m@n8n/rest-api-client:build: [0m[34mℹ[39m [34m[ESM][39m [2mdist/[22m[32m[1mapi/eventbus.ee.d.mts[22m[39m           [2m 0.48 kB[22m [2m│ gzip: 0.21 kB[22m
[34m@n8n/rest-api-client:build: [0m[34mℹ[39m [34m[ESM][39m [2mdist/[22m[32m[1mapi/workflowHistory.d.mts[22m[39m       [2m 0.47 kB[22m [2m│ gzip: 0.18 kB[22m
[34m@n8n/rest-api-client:build: [0m[34mℹ[39m [34m[ESM][39m [2mdist/[22m[32m[1mapi/sso.d.mts[22m[39m                   [2m 0.45 kB[22m [2m│ gzip: 0.20 kB[22m
[34m@n8n/rest-api-client:build: [0m[34mℹ[39m [34m[ESM][39m [2mdist/[22m[32m[1mapi/externalSecrets.ee.d.mts[22m[39m    [2m 0.44 kB[22m [2m│ gzip: 0.18 kB[22m
[34m@n8n/rest-api-client:build: [0m[34mℹ[39m [34m[ESM][39m [2mdist/[22m[32m[1mutils.d.mts[22m[39m                     [2m 0.43 kB[22m [2m│ gzip: 0.23 kB[22m
[34m@n8n/rest-api-client:build: [0m[34mℹ[39m [34m[ESM][39m [2mdist/[22m[32m[1mapi/cloudPlans.d.mts[22m[39m            [2m 0.43 kB[22m [2m│ gzip: 0.22 kB[22m
[34m@n8n/rest-api-client:build: [0m[34mℹ[39m [34m[ESM][39m [2mdist/[22m[32m[1mapi/ldap.d.mts[22m[39m                  [2m 0.37 kB[22m [2m│ gzip: 0.18 kB[22m
[34m@n8n/rest-api-client:build: [0m[34mℹ[39m [34m[ESM][39m [2mdist/[22m[32m[1mapi/communityNodes.d.mts[22m[39m        [2m 0.33 kB[22m [2m│ gzip: 0.17 kB[22m
[34m@n8n/rest-api-client:build: [0m[34mℹ[39m [34m[ESM][39m [2mdist/[22m[32m[1mapi/mfa.d.mts[22m[39m                   [2m 0.29 kB[22m [2m│ gzip: 0.17 kB[22m
[34m@n8n/rest-api-client:build: [0m[34mℹ[39m [34m[ESM][39m [2mdist/[22m[32m[1mapi/usage.d.mts[22m[39m                 [2m 0.28 kB[22m [2m│ gzip: 0.16 kB[22m
[34m@n8n/rest-api-client:build: [0m[34mℹ[39m [34m[ESM][39m [2mdist/[22m[32m[1mapi/versions.d.mts[22m[39m              [2m 0.26 kB[22m [2m│ gzip: 0.14 kB[22m
[34m@n8n/rest-api-client:build: [0m[34mℹ[39m [34m[ESM][39m [2mdist/[22m[32m[1mapi/roles.d.mts[22m[39m                 [2m 0.25 kB[22m [2m│ gzip: 0.14 kB[22m
[34m@n8n/rest-api-client:build: [0m[34mℹ[39m [34m[ESM][39m [2mdist/[22m[32m[1mapi/api-keys.d.mts[22m[39m              [2m 0.23 kB[22m [2m│ gzip: 0.14 kB[22m
[34m@n8n/rest-api-client:build: [0m[34mℹ[39m [34m[ESM][39m [2mdist/[22m[32m[1mapi/workflows.d.mts[22m[39m             [2m 0.23 kB[22m [2m│ gzip: 0.13 kB[22m
[34m@n8n/rest-api-client:build: [0m[34mℹ[39m [34m[ESM][39m [2mdist/[22m[32m[1mapi/provisioning.d.mts[22m[39m          [2m 0.22 kB[22m [2m│ gzip: 0.12 kB[22m
[34m@n8n/rest-api-client:build: [0m[34mℹ[39m [34m[ESM][39m [2mdist/[22m[32m[1mapi/prompts.d.mts[22m[39m               [2m 0.20 kB[22m [2m│ gzip: 0.13 kB[22m
[34m@n8n/rest-api-client:build: [0m[34mℹ[39m [34m[ESM][39m [2mdist/[22m[32m[1mapi/third-party-licenses.d.mts[22m[39m  [2m 0.13 kB[22m [2m│ gzip: 0.10 kB[22m
[34m@n8n/rest-api-client:build: [0m[34mℹ[39m [34m[ESM][39m [2mdist/[22m[32m[1mapi/orchestration.d.mts[22m[39m         [2m 0.12 kB[22m [2m│ gzip: 0.10 kB[22m
[34m@n8n/rest-api-client:build: [0m[34mℹ[39m [34m[ESM][39m [2mdist/[22m[32m[1mapi/ui.d.mts[22m[39m                    [2m 0.12 kB[22m [2m│ gzip: 0.10 kB[22m
[34m@n8n/rest-api-client:build: [0m[34mℹ[39m [34m[ESM][39m [2mdist/[22m[32m[1mapi/module-settings.d.mts[22m[39m       [2m 0.12 kB[22m [2m│ gzip: 0.10 kB[22m
[34m@n8n/rest-api-client:build: [0m[34mℹ[39m [34m[ESM][39m [2mdist/[22m[32m[1mapi/npsSurvey.d.mts[22m[39m             [2m 0.12 kB[22m [2m│ gzip: 0.10 kB[22m
[34m@n8n/rest-api-client:build: [0m[34mℹ[39m [34m[ESM][39m [2mdist/[22m[32m[1mapi/ctas.d.mts[22m[39m                  [2m 0.11 kB[22m [2m│ gzip: 0.10 kB[22m
[34m@n8n/rest-api-client:build: [0m[34mℹ[39m [34m[ESM][39m [2mdist/[22m[32m[1mapi/events.d.mts[22m[39m                [2m 0.10 kB[22m [2m│ gzip: 0.09 kB[22m
[34m@n8n/rest-api-client:build: [0m[34mℹ[39m [34m[ESM][39m [2mdist/[22m[32m[1mapi/settings.d.mts[22m[39m              [2m 0.10 kB[22m [2m│ gzip: 0.09 kB[22m
[34m@n8n/rest-api-client:build: [0m[34mℹ[39m [34m[ESM][39m [2mdist/[22m[32m[1mapi/webhooks.d.mts[22m[39m              [2m 0.10 kB[22m [2m│ gzip: 0.09 kB[22m
[34m@n8n/rest-api-client:build: [0m[34mℹ[39m [34m[ESM][39m [2mdist/[22m[32m[1mtypes.d.mts[22m[39m                     [2m 0.08 kB[22m [2m│ gzip: 0.08 kB[22m
[34m@n8n/rest-api-client:build: [0m[34mℹ[39m [34m[ESM][39m [2mdist/[22m[32m[1mapi/tags.d.mts[22m[39m                  [2m 0.06 kB[22m [2m│ gzip: 0.07 kB[22m
[34m@n8n/rest-api-client:build: [0m[34mℹ[39m [34m[ESM][39m [2mdist/[22m[32m[1mapi/execution.d.mts[22m[39m             [2m 0.01 kB[22m [2m│ gzip: 0.03 kB[22m
[34m@n8n/rest-api-client:build: [0m[34mℹ[39m [34m[ESM][39m [2mdist/[22m[32musers.d.mts[39m                     [2m 5.50 kB[22m [2m│ gzip: 1.25 kB[22m
[34m@n8n/rest-api-client:build: [0m[34mℹ[39m [34m[ESM][39m [2mdist/[22m[32mtemplates.d.mts[39m                 [2m 4.26 kB[22m [2m│ gzip: 1.08 kB[22m
[34m@n8n/rest-api-client:build: [0m[34mℹ[39m [34m[ESM][39m [2mdist/[22m[32mutils2.d.mts[39m                    [2m 2.20 kB[22m [2m│ gzip: 0.79 kB[22m
[34m@n8n/rest-api-client:build: [0m[34mℹ[39m [34m[ESM][39m [2mdist/[22m[32mnodeTypes.d.mts[39m                 [2m 2.05 kB[22m [2m│ gzip: 0.58 kB[22m
[34m@n8n/rest-api-client:build: [0m[34mℹ[39m [34m[ESM][39m [2mdist/[22m[32mcloudPlans.d.mts[39m                [2m 1.94 kB[22m [2m│ gzip: 0.76 kB[22m
[34m@n8n/rest-api-client:build: [0m[34mℹ[39m [34m[ESM][39m [2mdist/[22m[32mldap.d.mts[39m                      [2m 1.75 kB[22m [2m│ gzip: 0.62 kB[22m
[34m@n8n/rest-api-client:build: [0m[34mℹ[39m [34m[ESM][39m [2mdist/[22m[32mworkflowHistory.d.mts[39m           [2m 1.46 kB[22m [2m│ gzip: 0.54 kB[22m
[34m@n8n/rest-api-client:build: [0m[34mℹ[39m [34m[ESM][39m [2mdist/[22m[32msso.d.mts[39m                       [2m 1.38 kB[22m [2m│ gzip: 0.45 kB[22m
[34m@n8n/rest-api-client:build: [0m[34mℹ[39m [34m[ESM][39m [2mdist/[22m[32mversions.d.mts[39m                  [2m 1.31 kB[22m [2m│ gzip: 0.51 kB[22m
[34m@n8n/rest-api-client:build: [0m[34mℹ[39m [34m[ESM][39m [2mdist/[22m[32meventbus.ee.d.mts[39m               [2m 1.29 kB[22m [2m│ gzip: 0.42 kB[22m
[34m@n8n/rest-api-client:build: [0m[34mℹ[39m [34m[ESM][39m [2mdist/[22m[32mexternalSecrets.ee.d.mts[39m        [2m 1.29 kB[22m [2m│ gzip: 0.39 kB[22m
[34m@n8n/rest-api-client:build: [0m[34mℹ[39m [34m[ESM][39m [2mdist/[22m[32mworkflows.d.mts[39m                 [2m 1.20 kB[22m [2m│ gzip: 0.45 kB[22m
[34m@n8n/rest-api-client:build: [0m[34mℹ[39m [34m[ESM][39m [2mdist/[22m[32mmfa.d.mts[39m                       [2m 0.94 kB[22m [2m│ gzip: 0.37 kB[22m
[34m@n8n/rest-api-client:build: [0m[34mℹ[39m [34m[ESM][39m [2mdist/[22m[32mapi-keys.d.mts[39m                  [2m 0.92 kB[22m [2m│ gzip: 0.36 kB[22m
[34m@n8n/rest-api-client:build: [0m[34mℹ[39m [34m[ESM][39m [2mdist/[22m[32mcommunityNodes.d.mts[39m            [2m 0.91 kB[22m [2m│ gzip: 0.36 kB[22m
[34m@n8n/rest-api-client:build: [0m[34mℹ[39m [34m[ESM][39m [2mdist/[22m[32musage.d.mts[39m                     [2m 0.91 kB[22m [2m│ gzip: 0.36 kB[22m
[34m@n8n/rest-api-client:build: [0m[34mℹ[39m [34m[ESM][39m [2mdist/[22m[32mroles.d.mts[39m                     [2m 0.87 kB[22m [2m│ gzip: 0.34 kB[22m
[34m@n8n/rest-api-client:build: [0m[34mℹ[39m [34m[ESM][39m [2mdist/[22m[32mprovisioning.d.mts[39m              [2m 0.68 kB[22m [2m│ gzip: 0.30 kB[22m
[34m@n8n/rest-api-client:build: [0m[34mℹ[39m [34m[ESM][39m [2mdist/[22m[32mprompts.d.mts[39m                   [2m 0.53 kB[22m [2m│ gzip: 0.27 kB[22m
[34m@n8n/rest-api-client:build: [0m[34mℹ[39m [34m[ESM][39m [2mdist/[22m[32mwebhooks.d.mts[39m                  [2m 0.47 kB[22m [2m│ gzip: 0.28 kB[22m
[34m@n8n/rest-api-client:build: [0m[34mℹ[39m [34m[ESM][39m [2mdist/[22m[32mui.d.mts[39m                        [2m 0.36 kB[22m [2m│ gzip: 0.25 kB[22m
[34m@n8n/rest-api-client:build: [0m[34mℹ[39m [34m[ESM][39m [2mdist/[22m[32mmodule-settings.d.mts[39m           [2m 0.34 kB[22m [2m│ gzip: 0.22 kB[22m
[34m@n8n/rest-api-client:build: [0m[34mℹ[39m [34m[ESM][39m [2mdist/[22m[32mnpsSurvey.d.mts[39m                 [2m 0.33 kB[22m [2m│ gzip: 0.22 kB[22m
[34m@n8n/rest-api-client:build: [0m[34mℹ[39m [34m[ESM][39m [2mdist/[22m[32msettings.d.mts[39m                  [2m 0.30 kB[22m [2m│ gzip: 0.21 kB[22m
[34m@n8n/rest-api-client:build: [0m[34mℹ[39m [34m[ESM][39m [2mdist/[22m[32mthird-party-licenses.d.mts[39m      [2m 0.28 kB[22m [2m│ gzip: 0.20 kB[22m
[34m@n8n/rest-api-client:build: [0m[34mℹ[39m [34m[ESM][39m [2mdist/[22m[32morchestration.d.mts[39m             [2m 0.27 kB[22m [2m│ gzip: 0.20 kB[22m
[34m@n8n/rest-api-client:build: [0m[34mℹ[39m [34m[ESM][39m [2mdist/[22m[32mctas.d.mts[39m                      [2m 0.25 kB[22m [2m│ gzip: 0.19 kB[22m
[34m@n8n/rest-api-client:build: [0m[34mℹ[39m [34m[ESM][39m [2mdist/[22m[32mevents.d.mts[39m                    [2m 0.24 kB[22m [2m│ gzip: 0.18 kB[22m
[34m@n8n/rest-api-client:build: [0m[34mℹ[39m [34m[ESM][39m [2mdist/[22m[32mtags.d.mts[39m                      [2m 0.21 kB[22m [2m│ gzip: 0.16 kB[22m
[34m@n8n/rest-api-client:build: [0m[34mℹ[39m [34m[ESM][39m [2mdist/[22m[32mtypes2.d.mts[39m                    [2m 0.18 kB[22m [2m│ gzip: 0.15 kB[22m
[34m@n8n/rest-api-client:build: [0m[34mℹ[39m [34m[ESM][39m [2mdist/[22m[32mindex2.d.mts[39m                    [2m 0.01 kB[22m [2m│ gzip: 0.03 kB[22m
[34m@n8n/rest-api-client:build: [0m[34mℹ[39m [34m[ESM][39m 161 files, total: 182.39 kB
[34m@n8n/rest-api-client:build: [0m[34mℹ[39m [33m[CJS][39m [2mdist/[22m[32m[1mindex.d.cts[22m[39m                     [2m8.63 kB[22m [2m│ gzip: 2.25 kB[22m
[34m@n8n/rest-api-client:build: [0m[34mℹ[39m [33m[CJS][39m [2mdist/[22m[32m[1mapi/index.d.cts[22m[39m                 [2m8.22 kB[22m [2m│ gzip: 2.10 kB[22m
[34m@n8n/rest-api-client:build: [0m[34mℹ[39m [33m[CJS][39m [2mdist/[22m[32m[1mapi/users.d.cts[22m[39m                 [2m1.35 kB[22m [2m│ gzip: 0.43 kB[22m
[34m@n8n/rest-api-client:build: [0m[34mℹ[39m [33m[CJS][39m [2mdist/[22m[32m[1mapi/templates.d.cts[22m[39m             [2m1.12 kB[22m [2m│ gzip: 0.33 kB[22m
[34m@n8n/rest-api-client:build: [0m[34mℹ[39m [33m[CJS][39m [2mdist/[22m[32m[1mapi/breaking-changes.d.cts[22m[39m      [2m0.77 kB[22m [2m│ gzip: 0.32 kB[22m
[34m@n8n/rest-api-client:build: [0m[34mℹ[39m [33m[CJS][39m [2mdist/[22m[32m[1mapi/dynamic-banners.d.cts[22m[39m       [2m0.75 kB[22m [2m│ gzip: 0.40 kB[22m
[34m@n8n/rest-api-client:build: [0m[34mℹ[39m [33m[CJS][39m [2mdist/[22m[32m[1mapi/nodeTypes.d.cts[22m[39m             [2m0.63 kB[22m [2m│ gzip: 0.24 kB[22m
[34m@n8n/rest-api-client:build: [0m[34mℹ[39m [33m[CJS][39m [2mdist/[22m[32m[1mapi/consent.d.cts[22m[39m               [2m0.57 kB[22m [2m│ gzip: 0.28 kB[22m
[34m@n8n/rest-api-client:build: [0m[34mℹ[39m [33m[CJS][39m [2mdist/[22m[32m[1mapi/eventbus.ee.d.cts[22m[39m           [2m0.48 kB[22m [2m│ gzip: 0.21 kB[22m
[34m@n8n/rest-api-client:build: [0m[34mℹ[39m [33m[CJS][39m [2mdist/[22m[32m[1mapi/workflowHistory.d.cts[22m[39m       [2m0.47 kB[22m [2m│ gzip: 0.18 kB[22m
[34m@n8n/rest-api-client:build: [0m[34mℹ[39m [33m[CJS][39m [2mdist/[22m[32m[1mapi/sso.d.cts[22m[39m                   [2m0.45 kB[22m [2m│ gzip: 0.20 kB[22m
[34m@n8n/rest-api-client:build: [0m[34mℹ[39m [33m[CJS][39m [2mdist/[22m[32m[1mapi/externalSecrets.ee.d.cts[22m[39m    [2m0.44 kB[22m [2m│ gzip: 0.18 kB[22m
[34m@n8n/rest-api-client:build: [0m[34mℹ[39m [33m[CJS][39m [2mdist/[22m[32m[1mutils.d.cts[22m[39m                     [2m0.43 kB[22m [2m│ gzip: 0.23 kB[22m
[34m@n8n/rest-api-client:build: [0m[34mℹ[39m [33m[CJS][39m [2mdist/[22m[32m[1mapi/cloudPlans.d.cts[22m[39m            [2m0.43 kB[22m [2m│ gzip: 0.22 kB[22m
[34m@n8n/rest-api-client:build: [0m[34mℹ[39m [33m[CJS][39m [2mdist/[22m[32m[1mapi/ldap.d.cts[22m[39m                  [2m0.37 kB[22m [2m│ gzip: 0.18 kB[22m
[34m@n8n/rest-api-client:build: [0m[34mℹ[39m [33m[CJS][39m [2mdist/[22m[32m[1mapi/communityNodes.d.cts[22m[39m        [2m0.33 kB[22m [2m│ gzip: 0.17 kB[22m
[34m@n8n/rest-api-client:build: [0m[34mℹ[39m [33m[CJS][39m [2mdist/[22m[32m[1mapi/mfa.d.cts[22m[39m                   [2m0.29 kB[22m [2m│ gzip: 0.17 kB[22m
[34m@n8n/rest-api-client:build: [0m[34mℹ[39m [33m[CJS][39m [2mdist/[22m[32m[1mapi/usage.d.cts[22m[39m                 [2m0.28 kB[22m [2m│ gzip: 0.16 kB[22m
[34m@n8n/rest-api-client:build: [0m[34mℹ[39m [33m[CJS][39m [2mdist/[22m[32m[1mapi/versions.d.cts[22m[39m              [2m0.26 kB[22m [2m│ gzip: 0.14 kB[22m
[34m@n8n/rest-api-client:build: [0m[34mℹ[39m [33m[CJS][39m [2mdist/[22m[32m[1mapi/roles.d.cts[22m[39m                 [2m0.25 kB[22m [2m│ gzip: 0.14 kB[22m
[34m@n8n/rest-api-client:build: [0m[34mℹ[39m [33m[CJS][39m [2mdist/[22m[32m[1mapi/api-keys.d.cts[22m[39m              [2m0.23 kB[22m [2m│ gzip: 0.14 kB[22m
[34m@n8n/rest-api-client:build: [0m[34mℹ[39m [33m[CJS][39m [2mdist/[22m[32m[1mapi/workflows.d.cts[22m[39m             [2m0.23 kB[22m [2m│ gzip: 0.13 kB[22m
[34m@n8n/rest-api-client:build: [0m[34mℹ[39m [33m[CJS][39m [2mdist/[22m[32m[1mapi/provisioning.d.cts[22m[39m          [2m0.22 kB[22m [2m│ gzip: 0.12 kB[22m
[34m@n8n/rest-api-client:build: [0m[34mℹ[39m [33m[CJS][39m [2mdist/[22m[32m[1mapi/prompts.d.cts[22m[39m               [2m0.20 kB[22m [2m│ gzip: 0.13 kB[22m
[34m@n8n/rest-api-client:build: [0m[34mℹ[39m [33m[CJS][39m [2mdist/[22m[32m[1mapi/third-party-licenses.d.cts[22m[39m  [2m0.13 kB[22m [2m│ gzip: 0.10 kB[22m
[34m@n8n/rest-api-client:build: [0m[34mℹ[39m [33m[CJS][39m [2mdist/[22m[32m[1mapi/orchestration.d.cts[22m[39m         [2m0.12 kB[22m [2m│ gzip: 0.10 kB[22m
[34m@n8n/rest-api-client:build: [0m[34mℹ[39m [33m[CJS][39m [2mdist/[22m[32m[1mapi/ui.d.cts[22m[39m                    [2m0.12 kB[22m [2m│ gzip: 0.10 kB[22m
[34m@n8n/rest-api-client:build: [0m[34mℹ[39m [33m[CJS][39m [2mdist/[22m[32m[1mapi/module-settings.d.cts[22m[39m       [2m0.12 kB[22m [2m│ gzip: 0.10 kB[22m
[34m@n8n/rest-api-client:build: [0m[34mℹ[39m [33m[CJS][39m [2mdist/[22m[32m[1mapi/npsSurvey.d.cts[22m[39m             [2m0.12 kB[22m [2m│ gzip: 0.10 kB[22m
[34m@n8n/rest-api-client:build: [0m[34mℹ[39m [33m[CJS][39m [2mdist/[22m[32m[1mapi/ctas.d.cts[22m[39m                  [2m0.11 kB[22m [2m│ gzip: 0.10 kB[22m
[34m@n8n/rest-api-client:build: [0m[34mℹ[39m [33m[CJS][39m [2mdist/[22m[32m[1mapi/events.d.cts[22m[39m                [2m0.10 kB[22m [2m│ gzip: 0.09 kB[22m
[34m@n8n/rest-api-client:build: [0m[34mℹ[39m [33m[CJS][39m [2mdist/[22m[32m[1mapi/settings.d.cts[22m[39m              [2m0.10 kB[22m [2m│ gzip: 0.09 kB[22m
[34m@n8n/rest-api-client:build: [0m[34mℹ[39m [33m[CJS][39m [2mdist/[22m[32m[1mapi/webhooks.d.cts[22m[39m              [2m0.10 kB[22m [2m│ gzip: 0.09 kB[22m
[34m@n8n/rest-api-client:build: [0m[34mℹ[39m [33m[CJS][39m [2mdist/[22m[32m[1mtypes.d.cts[22m[39m                     [2m0.08 kB[22m [2m│ gzip: 0.08 kB[22m
[34m@n8n/rest-api-client:build: [0m[34mℹ[39m [33m[CJS][39m [2mdist/[22m[32m[1mapi/tags.d.cts[22m[39m                  [2m0.06 kB[22m [2m│ gzip: 0.07 kB[22m
[34m@n8n/rest-api-client:build: [0m[34mℹ[39m [33m[CJS][39m [2mdist/[22m[32m[1mapi/execution.d.cts[22m[39m             [2m0.01 kB[22m [2m│ gzip: 0.03 kB[22m
[34m@n8n/rest-api-client:build: [0m[34mℹ[39m [33m[CJS][39m [2mdist/[22m[32musers.d.cts[39m                     [2m5.50 kB[22m [2m│ gzip: 1.25 kB[22m
[34m@n8n/rest-api-client:build: [0m[34mℹ[39m [33m[CJS][39m [2mdist/[22m[32mtemplates.d.cts[39m                 [2m4.26 kB[22m [2m│ gzip: 1.08 kB[22m
[34m@n8n/rest-api-client:build: [0m[34mℹ[39m [33m[CJS][39m [2mdist/[22m[32mutils2.d.cts[39m                    [2m2.20 kB[22m [2m│ gzip: 0.79 kB[22m
[34m@n8n/rest-api-client:build: [0m[34mℹ[39m [33m[CJS][39m [2mdist/[22m[32mnodeTypes.d.cts[39m                 [2m2.05 kB[22m [2m│ gzip: 0.58 kB[22m
[34m@n8n/rest-api-client:build: [0m[34mℹ[39m [33m[CJS][39m [2mdist/[22m[32mcloudPlans.d.cts[39m                [2m1.94 kB[22m [2m│ gzip: 0.76 kB[22m
[34m@n8n/rest-api-client:build: [0m[34mℹ[39m [33m[CJS][39m [2mdist/[22m[32mldap.d.cts[39m                      [2m1.75 kB[22m [2m│ gzip: 0.62 kB[22m
[34m@n8n/rest-api-client:build: [0m[34mℹ[39m [33m[CJS][39m [2mdist/[22m[32mworkflowHistory.d.cts[39m           [2m1.46 kB[22m [2m│ gzip: 0.54 kB[22m
[34m@n8n/rest-api-client:build: [0m[34mℹ[39m [33m[CJS][39m [2mdist/[22m[32msso.d.cts[39m                       [2m1.38 kB[22m [2m│ gzip: 0.45 kB[22m
[34m@n8n/rest-api-client:build: [0m[34mℹ[39m [33m[CJS][39m [2mdist/[22m[32mversions.d.cts[39m                  [2m1.31 kB[22m [2m│ gzip: 0.51 kB[22m
[34m@n8n/rest-api-client:build: [0m[34mℹ[39m [33m[CJS][39m [2mdist/[22m[32meventbus.ee.d.cts[39m               [2m1.29 kB[22m [2m│ gzip: 0.42 kB[22m
[34m@n8n/rest-api-client:build: [0m[34mℹ[39m [33m[CJS][39m [2mdist/[22m[32mexternalSecrets.ee.d.cts[39m        [2m1.29 kB[22m [2m│ gzip: 0.39 kB[22m
[34m@n8n/rest-api-client:build: [0m[34mℹ[39m [33m[CJS][39m [2mdist/[22m[32mworkflows.d.cts[39m                 [2m1.20 kB[22m [2m│ gzip: 0.45 kB[22m
[34m@n8n/rest-api-client:build: [0m[34mℹ[39m [33m[CJS][39m [2mdist/[22m[32mmfa.d.cts[39m                       [2m0.94 kB[22m [2m│ gzip: 0.37 kB[22m
[34m@n8n/rest-api-client:build: [0m[34mℹ[39m [33m[CJS][39m [2mdist/[22m[32mapi-keys.d.cts[39m                  [2m0.92 kB[22m [2m│ gzip: 0.36 kB[22m
[34m@n8n/rest-api-client:build: [0m[34mℹ[39m [33m[CJS][39m [2mdist/[22m[32mcommunityNodes.d.cts[39m            [2m0.91 kB[22m [2m│ gzip: 0.36 kB[22m
[34m@n8n/rest-api-client:build: [0m[34mℹ[39m [33m[CJS][39m [2mdist/[22m[32musage.d.cts[39m                     [2m0.91 kB[22m [2m│ gzip: 0.36 kB[22m
[34m@n8n/rest-api-client:build: [0m[34mℹ[39m [33m[CJS][39m [2mdist/[22m[32mroles.d.cts[39m                     [2m0.87 kB[22m [2m│ gzip: 0.34 kB[22m
[34m@n8n/rest-api-client:build: [0m[34mℹ[39m [33m[CJS][39m [2mdist/[22m[32mprovisioning.d.cts[39m              [2m0.68 kB[22m [2m│ gzip: 0.30 kB[22m
[34m@n8n/rest-api-client:build: [0m[34mℹ[39m [33m[CJS][39m [2mdist/[22m[32mprompts.d.cts[39m                   [2m0.53 kB[22m [2m│ gzip: 0.27 kB[22m
[34m@n8n/rest-api-client:build: [0m[34mℹ[39m [33m[CJS][39m [2mdist/[22m[32mwebhooks.d.cts[39m                  [2m0.47 kB[22m [2m│ gzip: 0.28 kB[22m
[34m@n8n/rest-api-client:build: [0m[34mℹ[39m [33m[CJS][39m [2mdist/[22m[32mui.d.cts[39m                        [2m0.36 kB[22m [2m│ gzip: 0.25 kB[22m
[34m@n8n/rest-api-client:build: [0m[34mℹ[39m [33m[CJS][39m [2mdist/[22m[32mmodule-settings.d.cts[39m           [2m0.34 kB[22m [2m│ gzip: 0.22 kB[22m
[34m@n8n/rest-api-client:build: [0m[34mℹ[39m [33m[CJS][39m [2mdist/[22m[32mnpsSurvey.d.cts[39m                 [2m0.33 kB[22m [2m│ gzip: 0.22 kB[22m
[34m@n8n/rest-api-client:build: [0m[34mℹ[39m [33m[CJS][39m [2mdist/[22m[32msettings.d.cts[39m                  [2m0.30 kB[22m [2m│ gzip: 0.20 kB[22m
[34m@n8n/rest-api-client:build: [0m[34mℹ[39m [33m[CJS][39m [2mdist/[22m[32mthird-party-licenses.d.cts[39m      [2m0.28 kB[22m [2m│ gzip: 0.20 kB[22m
[34m@n8n/rest-api-client:build: [0m[34mℹ[39m [33m[CJS][39m [2mdist/[22m[32morchestration.d.cts[39m             [2m0.27 kB[22m [2m│ gzip: 0.20 kB[22m
[34m@n8n/rest-api-client:build: [0m[34mℹ[39m [33m[CJS][39m [2mdist/[22m[32mctas.d.cts[39m                      [2m0.25 kB[22m [2m│ gzip: 0.19 kB[22m
[34m@n8n/rest-api-client:build: [0m[34mℹ[39m [33m[CJS][39m [2mdist/[22m[32mevents.d.cts[39m                    [2m0.24 kB[22m [2m│ gzip: 0.18 kB[22m
[34m@n8n/rest-api-client:build: [0m[34mℹ[39m [33m[CJS][39m [2mdist/[22m[32mtags.d.cts[39m                      [2m0.21 kB[22m [2m│ gzip: 0.16 kB[22m
[34m@n8n/rest-api-client:build: [0m[34mℹ[39m [33m[CJS][39m [2mdist/[22m[32mtypes2.d.cts[39m                    [2m0.18 kB[22m [2m│ gzip: 0.15 kB[22m
[34m@n8n/rest-api-client:build: [0m[34mℹ[39m [33m[CJS][39m [2mdist/[22m[32mindex2.d.cts[39m                    [2m0.01 kB[22m [2m│ gzip: 0.03 kB[22m
[34m@n8n/rest-api-client:build: [0m[34mℹ[39m [33m[CJS][39m 67 files, total: 63.20 kB
[34m@n8n/rest-api-client:build: [0m[32m✔[39m Build complete in [32m5161ms[39m
[35mn8n-editor-ui:build: [0mcache miss, executing [2m9ffa418187f498ee[0m
[34m@n8n/task-runner:build: [0mcache hit, replaying logs [2m4da96362189724f2[0m
[34m@n8n/task-runner:build: [0m
[34m@n8n/task-runner:build: [0m
[34m@n8n/task-runner:build: [0m> @n8n/task-runner@1.59.0 build /home/nxtwave/Desktop/Nxtwave-codebase/n8n-custom/packages/@n8n/task-runner
[34m@n8n/task-runner:build: [0m> tsc -p ./tsconfig.build.json && tsc-alias -p tsconfig.build.json
[34m@n8n/task-runner:build: [0m
[33m@n8n/db:build: [0mcache hit, replaying logs [2me4f4687d21c801c3[0m
[33m@n8n/db:build: [0m
[33m@n8n/db:build: [0m
[33m@n8n/db:build: [0m> @n8n/db@0.34.0 build /home/nxtwave/Desktop/Nxtwave-codebase/n8n-custom/packages/@n8n/db
[33m@n8n/db:build: [0m> tsc -p tsconfig.build.json
[33m@n8n/db:build: [0m
[34m@n8n/backend-test-utils:build: [0mcache hit, replaying logs [2m3a64470e308428a7[0m
[34m@n8n/backend-test-utils:build: [0m
[34m@n8n/backend-test-utils:build: [0m
[34m@n8n/backend-test-utils:build: [0m> @n8n/backend-test-utils@0.26.0 build /home/nxtwave/Desktop/Nxtwave-codebase/n8n-custom/packages/@n8n/backend-test-utils
[34m@n8n/backend-test-utils:build: [0m> tsc -p tsconfig.build.json
[34m@n8n/backend-test-utils:build: [0m
[35mn8n-editor-ui:build: [0m
[35mn8n-editor-ui:build: [0m> n8n-editor-ui@1.123.0 build /home/nxtwave/Desktop/Nxtwave-codebase/n8n-custom/packages/frontend/editor-ui
[35mn8n-editor-ui:build: [0m> cross-env VUE_APP_PUBLIC_PATH="/{{BASE_PATH}}/" NODE_OPTIONS="--max-old-space-size=8192" vite build
[35mn8n-editor-ui:build: [0m
[35mn8n-editor-ui:build: [0m[baseline-browser-mapping] The data in this module is over two months old.  To ensure accurate Baseline data, please update: `npm i baseline-browser-mapping@latest -D`
[33mn8n-nodes-base:build: [0mcache hit, replaying logs [2md1bbe3c6862da263[0m
[33mn8n-nodes-base:build: [0m
[33mn8n-nodes-base:build: [0m
[33mn8n-nodes-base:build: [0m> n8n-nodes-base@1.121.0 build /home/nxtwave/Desktop/Nxtwave-codebase/n8n-custom/packages/nodes-base
[33mn8n-nodes-base:build: [0m> tsc --build tsconfig.build.cjs.json && pnpm copy-nodes-json && tsc-alias -p tsconfig.build.cjs.json && pnpm n8n-copy-static-files && pnpm n8n-generate-translations && pnpm n8n-generate-metadata
[33mn8n-nodes-base:build: [0m
[33mn8n-nodes-base:build: [0m
[33mn8n-nodes-base:build: [0m> n8n-nodes-base@1.121.0 copy-nodes-json /home/nxtwave/Desktop/Nxtwave-codebase/n8n-custom/packages/nodes-base
[33mn8n-nodes-base:build: [0m> node scripts/copy-nodes-json.js .
[33mn8n-nodes-base:build: [0m
[33mn8n-nodes-base:build: [0mDefault locale set to: [35men[0m
[33mn8n-nodes-base:build: [0mNo translation required - Skipping translations build...
[35mn8n-editor-ui:build: [0mYou or a plugin you are using have set `optimizeDeps.esbuildOptions` but this option is now deprecated. Vite now uses Rolldown to optimize the dependencies. Please use `optimizeDeps.rollupOptions` instead.
[35mn8n-editor-ui:build: [0mplugin-legacy overrode 'build.target'. You should pass 'targets' as an option to this plugin with the list of legacy browsers to support instead.
[35mn8n-editor-ui:build: [0mplugin-legacy 'modernTargets' option overrode the builtin targets of modern chunks. Some versions of browsers between legacy and modern may not be supported.
[35mn8n-editor-ui:build: [0mrolldown-vite v7.1.16 building for production...
[35mn8n-editor-ui:build: [0m<script src="/{{BASE_PATH}}/static/base-path.js"> in "/index.html" can't be bundled without type="module" attribute
[35mn8n-editor-ui:build: [0m<script src="/{{BASE_PATH}}/static/posthog.init.js"> in "/index.html" can't be bundled without type="module" attribute
[35m@n8n/n8n-nodes-langchain:build: [0mcache hit, replaying logs [2m5b98122ca00b2a48[0m
[35m@n8n/n8n-nodes-langchain:build: [0m
[35m@n8n/n8n-nodes-langchain:build: [0m
[35m@n8n/n8n-nodes-langchain:build: [0m> @n8n/n8n-nodes-langchain@1.122.0 build /home/nxtwave/Desktop/Nxtwave-codebase/n8n-custom/packages/@n8n/nodes-langchain
[35m@n8n/n8n-nodes-langchain:build: [0m> tsup --tsconfig tsconfig.build.json && pnpm copy-nodes-json && tsc-alias -p tsconfig.build.json && pnpm copy-tokenizer-json && pnpm n8n-copy-static-files && pnpm n8n-generate-metadata
[35m@n8n/n8n-nodes-langchain:build: [0m
[35m@n8n/n8n-nodes-langchain:build: [0m
[35m@n8n/n8n-nodes-langchain:build: [0m> @n8n/n8n-nodes-langchain@1.122.0 copy-nodes-json /home/nxtwave/Desktop/Nxtwave-codebase/n8n-custom/packages/@n8n/nodes-langchain
[35m@n8n/n8n-nodes-langchain:build: [0m> node ../../nodes-base/scripts/copy-nodes-json.js .
[35m@n8n/n8n-nodes-langchain:build: [0m
[35m@n8n/n8n-nodes-langchain:build: [0m
[35m@n8n/n8n-nodes-langchain:build: [0m> @n8n/n8n-nodes-langchain@1.122.0 copy-tokenizer-json /home/nxtwave/Desktop/Nxtwave-codebase/n8n-custom/packages/@n8n/nodes-langchain
[35m@n8n/n8n-nodes-langchain:build: [0m> node scripts/copy-tokenizer-json.js .
[35m@n8n/n8n-nodes-langchain:build: [0m
[35m@n8n/n8n-nodes-langchain:build: [0mCopied: utils/tokenizer/cl100k_base.json -> dist/utils/tokenizer/cl100k_base.json
[35m@n8n/n8n-nodes-langchain:build: [0mCopied: utils/tokenizer/o200k_base.json -> dist/utils/tokenizer/o200k_base.json
[35mn8n-editor-ui:build: [0m
[35mn8n-editor-ui:build: [0m/{{BASE_PATH}}/static/prefers-color-scheme.css doesn't exist at build time, it will remain unchanged to be resolved at runtime
[35mn8n-editor-ui:build: [0mBrowserslist: browsers data (caniuse-lite) is 8 months old. Please run:
[35mn8n-editor-ui:build: [0m  npx update-browserslist-db@latest
[35mn8n-editor-ui:build: [0m  Why you should do it regularly: https://github.com/browserslist/update-db#readme
[35mn8n-editor-ui:build: [0m[plugin builtin:import-glob] Invalid glob pattern: `@n8n/i18n/locales/*.json` in file 'src/app/dev/i18nHmr.ts'. Glob patterns must start with:
[35mn8n-editor-ui:build: [0m  • '/' for absolute paths from project root
[35mn8n-editor-ui:build: [0m  • './' or '../' for relative paths
[35mn8n-editor-ui:build: [0m  • '**/' for recursive matching from project root
[35mn8n-editor-ui:build: [0m  • '#' for subpath imports (with '*' wildcard)
[35mn8n-editor-ui:build: [0m[plugin rolldown:vite-resolve] Module "os" has been externalized for browser compatibility, imported by "/home/nxtwave/Desktop/Nxtwave-codebase/n8n-custom/node_modules/.pnpm/recast@0.22.0/node_modules/recast/lib/util.js". See https://vite.dev/guide/troubleshooting.html#module-externalized-for-browser-compatibility for more details.
[35mn8n-editor-ui:build: [0m[2K[35mn8n-editor-ui:build: [0mtransforming...[32m✓[39m 6666 modules transformed.
[35mn8n-editor-ui:build: [0mrendering chunks...
[35mn8n-editor-ui:build: [0m[plugin builtin:reporter] 
[35mn8n-editor-ui:build: [0m(!) /home/nxtwave/Desktop/Nxtwave-codebase/n8n-custom/packages/frontend/editor-ui/src/features/ndv/parameters/components/CollectionParameter.vue is dynamically imported by /home/nxtwave/Desktop/Nxtwave-codebase/n8n-custom/packages/frontend/editor-ui/src/features/ndv/parameters/components/ParameterInputList.vue?vue&type=script&setup=true&lang.ts but also statically imported by /home/nxtwave/Desktop/Nxtwave-codebase/n8n-custom/packages/frontend/editor-ui/src/features/ndv/parameters/components/MultipleParameter.vue?vue&type=script&setup=true&lang.ts, dynamic import will not move module into another chunk.
[35mn8n-editor-ui:build: [0m
[35mn8n-editor-ui:build: [0m[vite-plugin-static-copy] Copied 2 items.
[35mn8n-editor-ui:build: [0mcomputing gzip size...
[35mn8n-editor-ui:build: [0m[2mdist/[22m[2massets/[22m[32mpolyfills-legacy-DWUkxzcr.js                                   [39m[1m[2m  187.81 kB[22m[22m
[35mn8n-editor-ui:build: [0m[2mdist/[22m[2massets/[22m[36men-legacy-0SwyXYDA.js                                          [39m[1m[2m    0.33 kB[22m[22m[2m │ gzip:   0.21 kB[22m
[35mn8n-editor-ui:build: [0m[2mdist/[22m[2massets/[22m[36m_plugin-vue_export-helper-legacy-DZMI5HPp.js                   [39m[1m[2m    0.49 kB[22m[22m[2m │ gzip:   0.28 kB[22m
[35mn8n-editor-ui:build: [0m[2mdist/[22m[2massets/[22m[36msourceControl.eventBus-legacy-tixCa_mA.js                      [39m[1m[2m    0.50 kB[22m[22m[2m │ gzip:   0.28 kB[22m
[35mn8n-editor-ui:build: [0m[2mdist/[22m[2massets/[22m[36msmartDecimal-legacy-BfDSC01M.js                                [39m[1m[2m    0.53 kB[22m[22m[2m │ gzip:   0.30 kB[22m
[35mn8n-editor-ui:build: [0m[2mdist/[22m[2massets/[22m[36msortByProperty-legacy-rrInPrlU.js                              [39m[1m[2m    0.59 kB[22m[22m[2m │ gzip:   0.33 kB[22m
[35mn8n-editor-ui:build: [0m[2mdist/[22m[2massets/[22m[36mcore-legacy-CWOTSXU1.js                                        [39m[1m[2m    0.68 kB[22m[22m[2m │ gzip:   0.36 kB[22m
[35mn8n-editor-ui:build: [0m[2mdist/[22m[2massets/[22m[36mauth.eventBus-legacy-D3gtwueI.js                               [39m[1m[2m    0.73 kB[22m[22m[2m │ gzip:   0.36 kB[22m
[35mn8n-editor-ui:build: [0m[2mdist/[22m[2massets/[22m[36mmcp.constants-legacy-CnbSZbtK.js                               [39m[1m[2m    0.80 kB[22m[22m[2m │ gzip:   0.42 kB[22m
[35mn8n-editor-ui:build: [0m[2mdist/[22m[2massets/[22m[36mRunDataHtml-legacy-CLOHJvl8.js                                 [39m[1m[2m    0.80 kB[22m[22m[2m │ gzip:   0.39 kB[22m
[35mn8n-editor-ui:build: [0m[2mdist/[22m[2massets/[22m[36mfileUtils-legacy-BiyK3ce3.js                                   [39m[1m[2m    0.95 kB[22m[22m[2m │ gzip:   0.47 kB[22m
[35mn8n-editor-ui:build: [0m[2mdist/[22m[2massets/[22m[36mutils-legacy-BCPi6TxV.js                                       [39m[1m[2m    1.38 kB[22m[22m[2m │ gzip:   0.62 kB[22m
[35mn8n-editor-ui:build: [0m[2mdist/[22m[2massets/[22m[36museExecutionData-legacy-BTdC4vUz.js                            [39m[1m[2m    1.47 kB[22m[22m[2m │ gzip:   0.58 kB[22m
[35mn8n-editor-ui:build: [0m[2mdist/[22m[2massets/[22m[36museEnvFeatureFlag-legacy-Dh7azPam.js                           [39m[1m[2m    1.56 kB[22m[22m[2m │ gzip:   0.62 kB[22m
[35mn8n-editor-ui:build: [0m[2mdist/[22m[2massets/[22m[36mretry-legacy-Ba59wrE3.js                                       [39m[1m[2m    1.78 kB[22m[22m[2m │ gzip:   0.74 kB[22m
[35mn8n-editor-ui:build: [0m[2mdist/[22m[2massets/[22m[36mconstants-legacy-BTpqV2Sh.js                                   [39m[1m[2m    1.88 kB[22m[22m[2m │ gzip:   0.73 kB[22m
[35mn8n-editor-ui:build: [0m[2mdist/[22m[2massets/[22m[36museIntersectionObserver-legacy-DhQuUrIr.js                     [39m[1m[2m    1.89 kB[22m[22m[2m │ gzip:   0.72 kB[22m
[35mn8n-editor-ui:build: [0m[2mdist/[22m[2massets/[22m[36mVueMarkdown-legacy-BtoYTZ0r.js                                 [39m[1m[2m    1.90 kB[22m[22m[2m │ gzip:   0.73 kB[22m
[35mn8n-editor-ui:build: [0m[2mdist/[22m[2massets/[22m[36mEnterpriseEdition.ee-legacy-XuJesnuL.js                        [39m[1m[2m    2.05 kB[22m[22m[2m │ gzip:   0.73 kB[22m
[35mn8n-editor-ui:build: [0m[2mdist/[22m[2massets/[22m[36mRunDataParsedAiContent-legacy-CnClHzCe.js                      [39m[1m[2m    2.08 kB[22m[22m[2m │ gzip:   0.77 kB[22m
[35mn8n-editor-ui:build: [0m[2mdist/[22m[2massets/[22m[36mWorkflowActivationErrorMessage-legacy-BKZrwpDm.js              [39m[1m[2m    2.11 kB[22m[22m[2m │ gzip:   0.73 kB[22m
[35mn8n-editor-ui:build: [0m[2mdist/[22m[2massets/[22m[36museMcp-legacy-C-kk4UMl.js                                      [39m[1m[2m    2.11 kB[22m[22m[2m │ gzip:   0.79 kB[22m
[35mn8n-editor-ui:build: [0m[2mdist/[22m[2massets/[22m[36muniqBy-legacy-LhEa5enb.js                                      [39m[1m[2m    2.18 kB[22m[22m[2m │ gzip:   0.87 kB[22m
[35mn8n-editor-ui:build: [0m[2mdist/[22m[2massets/[22m[36muserRoleProvisioning.store-legacy-Kbo5jltD.js                  [39m[1m[2m    2.33 kB[22m[22m[2m │ gzip:   0.71 kB[22m
[35mn8n-editor-ui:build: [0m[2mdist/[22m[2massets/[22m[36museChatHubSidebarState-legacy-BkYQU_nM.js                      [39m[1m[2m    2.46 kB[22m[22m[2m │ gzip:   0.89 kB[22m
[35mn8n-editor-ui:build: [0m[2mdist/[22m[2massets/[22m[36museBeforeUnload-legacy-CGQVMLti.js                             [39m[1m[2m    2.46 kB[22m[22m[2m │ gzip:   0.93 kB[22m
[35mn8n-editor-ui:build: [0m[2mdist/[22m[2massets/[22m[36mpickBy-legacy-Bvz12Cnz.js                                      [39m[1m[2m    2.47 kB[22m[22m[2m │ gzip:   0.87 kB[22m
[35mn8n-editor-ui:build: [0m[2mdist/[22m[2massets/[22m[36museClipboard-legacy-DoEsW5DD.js                                [39m[1m[2m    2.66 kB[22m[22m[2m │ gzip:   0.96 kB[22m
[35mn8n-editor-ui:build: [0m[2mdist/[22m[2massets/[22m[36mchunk-legacy-Re9CbdfL.js                                       [39m[1m[2m    2.67 kB[22m[22m[2m │ gzip:   1.00 kB[22m
[35mn8n-editor-ui:build: [0m[2mdist/[22m[2massets/[22m[36mdateFormatter-legacy-BHp96Bbr.js                               [39m[1m[2m    2.74 kB[22m[22m[2m │ gzip:   0.88 kB[22m
[35mn8n-editor-ui:build: [0m[2mdist/[22m[2massets/[22m[36mSignoutView-legacy-DDpz_i00.js                                 [39m[1m[2m    2.78 kB[22m[22m[2m │ gzip:   0.98 kB[22m
[35mn8n-editor-ui:build: [0m[2mdist/[22m[2massets/[22m[36minsights.constants-legacy-KsQVb1Km.js                          [39m[1m[2m    2.83 kB[22m[22m[2m │ gzip:   0.91 kB[22m
[35mn8n-editor-ui:build: [0m[2mdist/[22m[2massets/[22m[36morderBy-legacy-Bg8L8PXs.js                                     [39m[1m[2m    2.95 kB[22m[22m[2m │ gzip:   1.06 kB[22m
[35mn8n-editor-ui:build: [0m[2mdist/[22m[2massets/[22m[36mpreload-helper-legacy-CXRjoQ0T.js                              [39m[1m[2m    3.00 kB[22m[22m[2m │ gzip:   1.14 kB[22m
[35mn8n-editor-ui:build: [0m[2mdist/[22m[2massets/[22m[36mEmptySharedSectionActionBox-legacy-CZLyXJxM.js                 [39m[1m[2m    3.15 kB[22m[22m[2m │ gzip:   1.07 kB[22m
[35mn8n-editor-ui:build: [0m[2mdist/[22m[2massets/[22m[36mAnimatedSpinner-legacy-jmjQlQzV.js                             [39m[1m[2m    3.19 kB[22m[22m[2m │ gzip:   1.03 kB[22m
[35mn8n-editor-ui:build: [0m[2mdist/[22m[2massets/[22m[36mapiKeys.store-legacy-BzJgZZtV.js                               [39m[1m[2m    3.26 kB[22m[22m[2m │ gzip:   0.93 kB[22m
[35mn8n-editor-ui:build: [0m[2mdist/[22m[2massets/[22m[36mVirtualSchema-legacy-BmO10PaR.js                               [39m[1m[2m    3.50 kB[22m[22m[2m │ gzip:   1.19 kB[22m
[35mn8n-editor-ui:build: [0m[2mdist/[22m[2massets/[22m[36mroles.store-legacy-D9LFpsGH.js                                 [39m[1m[2m    3.71 kB[22m[22m[2m │ gzip:   1.05 kB[22m
[35mn8n-editor-ui:build: [0m[2mdist/[22m[2massets/[22m[36mPushConnectionTracker-legacy-B6ovhjQa.js                       [39m[1m[2m    3.72 kB[22m[22m[2m │ gzip:   1.15 kB[22m
[35mn8n-editor-ui:build: [0m[2mdist/[22m[2massets/[22m[36mnodeTransforms-legacy-BNNmA-ob.js                              [39m[1m[2m    3.82 kB[22m[22m[2m │ gzip:   1.11 kB[22m
[35mn8n-editor-ui:build: [0m[2mdist/[22m[2massets/[22m[36mWorkflowTagsDropdown-legacy-DXhdY-WI.js                        [39m[1m[2m    3.87 kB[22m[22m[2m │ gzip:   1.15 kB[22m
[35mn8n-editor-ui:build: [0m[2mdist/[22m[2massets/[22m[36mInsightsChartFailed-legacy-CFmZATEv.js                         [39m[1m[2m    3.87 kB[22m[22m[2m │ gzip:   1.25 kB[22m
[35mn8n-editor-ui:build: [0m[2mdist/[22m[2massets/[22m[36musePageRedirectionHelper-legacy-VDGBH5TU.js                    [39m[1m[2m    3.95 kB[22m[22m[2m │ gzip:   1.17 kB[22m
[35mn8n-editor-ui:build: [0m[2mdist/[22m[2massets/[22m[36mAnnotationTagsDropdown.ee-legacy-8giHuvAF.js                   [39m[1m[2m    3.97 kB[22m[22m[2m │ gzip:   1.17 kB[22m
[35mn8n-editor-ui:build: [0m[2mdist/[22m[2massets/[22m[36mInsightsChartTotal-legacy-CMRSCSWl.js                          [39m[1m[2m    3.98 kB[22m[22m[2m │ gzip:   1.26 kB[22m
[35mn8n-editor-ui:build: [0m[2mdist/[22m[2massets/[22m[36mtemplateTransforms-legacy-CQ2izRJH.js                          [39m[1m[2m    4.02 kB[22m[22m[2m │ gzip:   1.13 kB[22m
[35mn8n-editor-ui:build: [0m[2mdist/[22m[2massets/[22m[36mInsightsChartFailureRate-legacy-Dk_pwK6e.js                    [39m[1m[2m    4.37 kB[22m[22m[2m │ gzip:   1.38 kB[22m
[35mn8n-editor-ui:build: [0m[2mdist/[22m[2massets/[22m[36museExecutionHelpers-legacy-CGn-pR2m.js                         [39m[1m[2m    4.53 kB[22m[22m[2m │ gzip:   1.31 kB[22m
[35mn8n-editor-ui:build: [0m[2mdist/[22m[2massets/[22m[36mSeverityTag-legacy-DInwOMzv.js                                 [39m[1m[2m    4.55 kB[22m[22m[2m │ gzip:   1.43 kB[22m
[35mn8n-editor-ui:build: [0m[2mdist/[22m[2massets/[22m[36minsights.store-legacy-BW8GCbSO.js                              [39m[1m[2m    4.64 kB[22m[22m[2m │ gzip:   1.19 kB[22m
[35mn8n-editor-ui:build: [0m[2mdist/[22m[2massets/[22m[36mInsightsChartAverageRuntime-legacy-Fs8nYyFz.js                 [39m[1m[2m    4.68 kB[22m[22m[2m │ gzip:   1.47 kB[22m
[35mn8n-editor-ui:build: [0m[2mdist/[22m[2massets/[22m[36mLogsPanel-legacy-ClGSqXPJ.js                                   [39m[1m[2m    4.69 kB[22m[22m[2m │ gzip:   1.55 kB[22m
[35mn8n-editor-ui:build: [0m[2mdist/[22m[2massets/[22m[36mCollectionParameter-legacy-5TpMbY1M.js                         [39m[1m[2m    4.75 kB[22m[22m[2m │ gzip:   1.57 kB[22m
[35mn8n-editor-ui:build: [0m[2mdist/[22m[2massets/[22m[36mWorkflowOnboardingView-legacy-DP2mxh5n.js                      [39m[1m[2m    4.77 kB[22m[22m[2m │ gzip:   1.34 kB[22m
[35mn8n-editor-ui:build: [0m[2mdist/[22m[2massets/[22m[36mtemplateActions-legacy-DRwf1qcO.js                             [39m[1m[2m    4.82 kB[22m[22m[2m │ gzip:   1.37 kB[22m
[35mn8n-editor-ui:build: [0m[2mdist/[22m[2massets/[22m[36mInsightsChartTimeSaved-legacy-AKTiyvqB.js                      [39m[1m[2m    4.86 kB[22m[22m[2m │ gzip:   1.52 kB[22m
[35mn8n-editor-ui:build: [0m[2mdist/[22m[2massets/[22m[36mSamlOnboarding-legacy-Vo0tXZpt.js                              [39m[1m[2m    4.99 kB[22m[22m[2m │ gzip:   1.56 kB[22m
[35mn8n-editor-ui:build: [0m[2mdist/[22m[2massets/[22m[36mPageViewLayout-legacy-zM_BusGt.js                              [39m[1m[2m    5.27 kB[22m[22m[2m │ gzip:   1.38 kB[22m
[35mn8n-editor-ui:build: [0m[2mdist/[22m[2massets/[22m[36museKeybindings-legacy-qmSrXPFA.js                              [39m[1m[2m    5.31 kB[22m[22m[2m │ gzip:   1.72 kB[22m
[35mn8n-editor-ui:build: [0m[2mdist/[22m[2massets/[22m[36mRunDataHtml-legacy-Dk5SoENn.js                                 [39m[1m[2m    5.46 kB[22m[22m[2m │ gzip:   1.45 kB[22m
[35mn8n-editor-ui:build: [0m[2mdist/[22m[2massets/[22m[36mmcp.store-legacy-BOoA61_z.js                                   [39m[1m[2m    5.57 kB[22m[22m[2m │ gzip:   1.39 kB[22m
[35mn8n-editor-ui:build: [0m[2mdist/[22m[2massets/[22m[36mFileSaver.min-legacy-ClMbK-7J.js                               [39m[1m[2m    5.58 kB[22m[22m[2m │ gzip:   1.83 kB[22m
[35mn8n-editor-ui:build: [0m[2mdist/[22m[2massets/[22m[36mEntityUnAuthorised-legacy-CXAgXoSC.js                          [39m[1m[2m    5.74 kB[22m[22m[2m │ gzip:   1.79 kB[22m
[35mn8n-editor-ui:build: [0m[2mdist/[22m[2massets/[22m[36mschemaPreview.store-legacy-I9V-FnoW.js                         [39m[1m[2m    5.81 kB[22m[22m[2m │ gzip:   1.76 kB[22m
[35mn8n-editor-ui:build: [0m[2mdist/[22m[2massets/[22m[36mnodeIcon-legacy-BrGzzNG9.js                                    [39m[1m[2m    5.87 kB[22m[22m[2m │ gzip:   1.53 kB[22m
[35mn8n-editor-ui:build: [0m[2mdist/[22m[2massets/[22m[36men-legacy-DJK4SpPN.js                                          [39m[1m[2m    5.88 kB[22m[22m[2m │ gzip:   1.92 kB[22m
[35mn8n-editor-ui:build: [0m[2mdist/[22m[2massets/[22m[36mnpsSurvey.store-legacy-DlxHHXrz.js                             [39m[1m[2m    5.90 kB[22m[22m[2m │ gzip:   1.39 kB[22m
[35mn8n-editor-ui:build: [0m[2mdist/[22m[2massets/[22m[36musage.store-legacy-DNZwITy_.js                                 [39m[1m[2m    5.99 kB[22m[22m[2m │ gzip:   1.50 kB[22m
[35mn8n-editor-ui:build: [0m[2mdist/[22m[2massets/[22m[36mSetupWorkflowCredentialsButton-legacy-Dsq5jgJj.js              [39m[1m[2m    6.00 kB[22m[22m[2m │ gzip:   1.76 kB[22m
[35mn8n-editor-ui:build: [0m[2mdist/[22m[2massets/[22m[36mDemoFooter-legacy-CWcGhBjF.js                                  [39m[1m[2m    6.07 kB[22m[22m[2m │ gzip:   1.96 kB[22m
[35mn8n-editor-ui:build: [0m[2mdist/[22m[2massets/[22m[36mDataTableActions-legacy-DtgvqjAy.js                            [39m[1m[2m    6.14 kB[22m[22m[2m │ gzip:   1.61 kB[22m
[35mn8n-editor-ui:build: [0m[2mdist/[22m[2massets/[22m[36mEntityNotFound-legacy-CYF6DQ49.js                              [39m[1m[2m    6.16 kB[22m[22m[2m │ gzip:   1.69 kB[22m
[35mn8n-editor-ui:build: [0m[2mdist/[22m[2massets/[22m[36mForgotMyPasswordView-legacy-DYD0pEM_.js                        [39m[1m[2m    6.23 kB[22m[22m[2m │ gzip:   1.83 kB[22m
[35mn8n-editor-ui:build: [0m[2mdist/[22m[2massets/[22m[36mSetupView-legacy-DVuZtBGF.js                                   [39m[1m[2m    6.24 kB[22m[22m[2m │ gzip:   1.76 kB[22m
[35mn8n-editor-ui:build: [0m[2mdist/[22m[2massets/[22m[36minsights.utils-legacy-ChwPDRYD.js                              [39m[1m[2m    6.41 kB[22m[22m[2m │ gzip:   1.69 kB[22m
[35mn8n-editor-ui:build: [0m[2mdist/[22m[2massets/[22m[36mexternalSecrets.ee.store-legacy-CUGVkRsX.js                    [39m[1m[2m    6.56 kB[22m[22m[2m │ gzip:   1.55 kB[22m
[35mn8n-editor-ui:build: [0m[2mdist/[22m[2massets/[22m[36museRecentResources-legacy-8edatwi7.js                          [39m[1m[2m    6.91 kB[22m[22m[2m │ gzip:   1.88 kB[22m
[35mn8n-editor-ui:build: [0m[2mdist/[22m[2massets/[22m[36mKeyboardShortcutTooltip-legacy-fWwb-xf0.js                     [39m[1m[2m    7.00 kB[22m[22m[2m │ gzip:   1.70 kB[22m
[35mn8n-editor-ui:build: [0m[2mdist/[22m[2massets/[22m[36museWorkflowsCache-legacy-DfAeX9aP.js                           [39m[1m[2m    7.07 kB[22m[22m[2m │ gzip:   1.66 kB[22m
[35mn8n-editor-ui:build: [0m[2mdist/[22m[2massets/[22m[36mchatPanel.store-legacy-rO3eZJCn.js                             [39m[1m[2m    7.13 kB[22m[22m[2m │ gzip:   1.78 kB[22m
[35mn8n-editor-ui:build: [0m[2mdist/[22m[2massets/[22m[36mchartjs.utils-legacy-B7MYbZj8.js                               [39m[1m[2m    7.17 kB[22m[22m[2m │ gzip:   1.32 kB[22m
[35mn8n-editor-ui:build: [0m[2mdist/[22m[2massets/[22m[36mdist-legacy-CsVt84rB.js                                        [39m[1m[2m    7.29 kB[22m[22m[2m │ gzip:   1.85 kB[22m
[35mn8n-editor-ui:build: [0m[2mdist/[22m[2massets/[22m[36museTelemetryContext-legacy-CZUSuikO.js                         [39m[1m[2m    7.39 kB[22m[22m[2m │ gzip:   1.97 kB[22m
[35mn8n-editor-ui:build: [0m[2mdist/[22m[2massets/[22m[36museExecutionDebugging-legacy-CCAXhEtk.js                       [39m[1m[2m    7.58 kB[22m[22m[2m │ gzip:   2.07 kB[22m
[35mn8n-editor-ui:build: [0m[2mdist/[22m[2massets/[22m[36mSignupView-legacy-Df3qZtr9.js                                  [39m[1m[2m    7.60 kB[22m[22m[2m │ gzip:   2.06 kB[22m
[35mn8n-editor-ui:build: [0m[2mdist/[22m[2massets/[22m[36mdateformat-legacy-BaeIHy_2.js                                  [39m[1m[2m    7.90 kB[22m[22m[2m │ gzip:   2.43 kB[22m
[35mn8n-editor-ui:build: [0m[2mdist/[22m[2massets/[22m[36mSelectedItemsInfo-legacy-BCER0ZzD.js                           [39m[1m[2m    7.96 kB[22m[22m[2m │ gzip:   1.95 kB[22m
[35mn8n-editor-ui:build: [0m[2mdist/[22m[2massets/[22m[36mNodeIcon-legacy-B7n7M4tw.js                                    [39m[1m[2m    8.16 kB[22m[22m[2m │ gzip:   1.90 kB[22m
[35mn8n-editor-ui:build: [0m[2mdist/[22m[2massets/[22m[36mTextWithHighlights-legacy-B_wAjPuT.js                          [39m[1m[2m    8.34 kB[22m[22m[2m │ gzip:   2.12 kB[22m
[35mn8n-editor-ui:build: [0m[2mdist/[22m[2massets/[22m[36msso.store-legacy-ZjSUhaKc.js                                   [39m[1m[2m    8.37 kB[22m[22m[2m │ gzip:   1.68 kB[22m
[35mn8n-editor-ui:build: [0m[2mdist/[22m[2massets/[22m[36mCredentialIcon-legacy-fKdVRjRM.js                              [39m[1m[2m    8.38 kB[22m[22m[2m │ gzip:   2.02 kB[22m
[35mn8n-editor-ui:build: [0m[2mdist/[22m[2massets/[22m[36mChatAgentAvatar-legacy-6-08VCkH.js                             [39m[1m[2m    8.45 kB[22m[22m[2m │ gzip:   2.12 kB[22m
[35mn8n-editor-ui:build: [0m[2mdist/[22m[2massets/[22m[36mChangePasswordView-legacy-DtCX3cmJ.js                          [39m[1m[2m    8.46 kB[22m[22m[2m │ gzip:   2.22 kB[22m
[35mn8n-editor-ui:build: [0m[2mdist/[22m[2massets/[22m[36mInsightsPaywall-legacy-wal7Ri4q.js                             [39m[1m[2m    8.54 kB[22m[22m[2m │ gzip:   2.17 kB[22m
[35mn8n-editor-ui:build: [0m[2mdist/[22m[2massets/[22m[36mTimeAgo-legacy-z0ZK4mOo.js                                     [39m[1m[2m    8.54 kB[22m[22m[2m │ gzip:   2.64 kB[22m
[35mn8n-editor-ui:build: [0m[2mdist/[22m[2massets/[22m[36mProjectIcon-legacy-ChUqJY3d.js                                 [39m[1m[2m    8.76 kB[22m[22m[2m │ gzip:   2.17 kB[22m
[35mn8n-editor-ui:build: [0m[2mdist/[22m[2massets/[22m[36mcol-legacy-Fk596rj6.js                                         [39m[1m[2m    8.76 kB[22m[22m[2m │ gzip:   1.86 kB[22m
[35mn8n-editor-ui:build: [0m[2mdist/[22m[2massets/[22m[36mErrorView-legacy-DSiTxXmw.js                                   [39m[1m[2m    8.78 kB[22m[22m[2m │ gzip:   2.22 kB[22m
[35mn8n-editor-ui:build: [0m[2mdist/[22m[2massets/[22m[36mSaveButton-legacy-BOFiknjG.js                                  [39m[1m[2m    8.95 kB[22m[22m[2m │ gzip:   2.14 kB[22m
[35mn8n-editor-ui:build: [0m[2mdist/[22m[2massets/[22m[36museWorkflowActivate-legacy-CkY7xeTX.js                         [39m[1m[2m    9.27 kB[22m[22m[2m │ gzip:   2.07 kB[22m
[35mn8n-editor-ui:build: [0m[2mdist/[22m[2massets/[22m[36mlogStreaming.store-legacy-Lb7xbAJr.js                          [39m[1m[2m    9.43 kB[22m[22m[2m │ gzip:   2.01 kB[22m
[35mn8n-editor-ui:build: [0m[2mdist/[22m[2massets/[22m[36m_initCloneObject-legacy-CvvQTI0n.js                            [39m[1m[2m    9.62 kB[22m[22m[2m │ gzip:   2.37 kB[22m
[35mn8n-editor-ui:build: [0m[2mdist/[22m[2massets/[22m[36mcloudPlan.store-legacy-C74wHlZA.js                             [39m[1m[2m    9.75 kB[22m[22m[2m │ gzip:   2.42 kB[22m
[35mn8n-editor-ui:build: [0m[2mdist/[22m[2massets/[22m[36mProjectBreadcrumb-legacy-bSotZIZP.js                           [39m[1m[2m   10.14 kB[22m[22m[2m │ gzip:   2.43 kB[22m
[35mn8n-editor-ui:build: [0m[2mdist/[22m[2massets/[22m[36moverlay-legacy-DhExXlUp.js                                     [39m[1m[2m   10.19 kB[22m[22m[2m │ gzip:   2.50 kB[22m
[35mn8n-editor-ui:build: [0m[2mdist/[22m[2massets/[22m[36mCopyInput-legacy-Cfm3E5nH.js                                   [39m[1m[2m   10.20 kB[22m[22m[2m │ gzip:   2.56 kB[22m
[35mn8n-editor-ui:build: [0m[2mdist/[22m[2massets/[22m[36mexecutions.store-legacy-UqkF2HAW.js                            [39m[1m[2m   10.50 kB[22m[22m[2m │ gzip:   2.19 kB[22m
[35mn8n-editor-ui:build: [0m[2mdist/[22m[2massets/[22m[36mDraggable-legacy-BIoV2_Fd.js                                   [39m[1m[2m   10.55 kB[22m[22m[2m │ gzip:   2.47 kB[22m
[35mn8n-editor-ui:build: [0m[2mdist/[22m[2massets/[22m[36musePinnedData-legacy-hVMggckg.js                               [39m[1m[2m   11.19 kB[22m[22m[2m │ gzip:   2.74 kB[22m
[35mn8n-editor-ui:build: [0m[2mdist/[22m[2massets/[22m[36mversions.store-legacy-ZBWyBygw.js                              [39m[1m[2m   11.19 kB[22m[22m[2m │ gzip:   2.66 kB[22m
[35mn8n-editor-ui:build: [0m[2mdist/[22m[2massets/[22m[36mfocusPanel.store-legacy-BfRoAx9u.js                            [39m[1m[2m   11.60 kB[22m[22m[2m │ gzip:   3.20 kB[22m
[35mn8n-editor-ui:build: [0m[2mdist/[22m[2massets/[22m[36mChatFile-legacy-nQoUioQE.js                                    [39m[1m[2m   11.83 kB[22m[22m[2m │ gzip:   2.77 kB[22m
[35mn8n-editor-ui:build: [0m[2mdist/[22m[2massets/[22m[36mfolders.store-legacy-Od-3vWEu.js                               [39m[1m[2m   11.88 kB[22m[22m[2m │ gzip:   2.74 kB[22m
[35mn8n-editor-ui:build: [0m[2mdist/[22m[2massets/[22m[36mTemplateCard-legacy-Cz2XuO80.js                                [39m[1m[2m   12.09 kB[22m[22m[2m │ gzip:   3.04 kB[22m
[35mn8n-editor-ui:build: [0m[2mdist/[22m[2massets/[22m[36mWorkflowExecutionsLandingPage-legacy-DfyKO2Bc.js               [39m[1m[2m   12.13 kB[22m[22m[2m │ gzip:   2.90 kB[22m
[35mn8n-editor-ui:build: [0m[2mdist/[22m[2massets/[22m[36mTemplatesView-legacy-B2bVhE7C.js                               [39m[1m[2m   12.27 kB[22m[22m[2m │ gzip:   2.29 kB[22m
[35mn8n-editor-ui:build: [0m[2mdist/[22m[2massets/[22m[36mModelByIdSelectorModal-legacy-BHfme0wu.js                      [39m[1m[2m   12.28 kB[22m[22m[2m │ gzip:   3.00 kB[22m
[35mn8n-editor-ui:build: [0m[2mdist/[22m[2massets/[22m[36mdataTable.store-legacy-DNDlnSgS.js                             [39m[1m[2m   12.46 kB[22m[22m[2m │ gzip:   2.57 kB[22m
[35mn8n-editor-ui:build: [0m[2mdist/[22m[2massets/[22m[36mRunDataSearch-legacy-D1vwY2yv.js                               [39m[1m[2m   13.11 kB[22m[22m[2m │ gzip:   3.31 kB[22m
[35mn8n-editor-ui:build: [0m[2mdist/[22m[2massets/[22m[36mMainSidebarUserArea-legacy-Dm4NX9YI.js                         [39m[1m[2m   13.23 kB[22m[22m[2m │ gzip:   2.95 kB[22m
[35mn8n-editor-ui:build: [0m[2mdist/[22m[2massets/[22m[36mChatSidebarOpener-legacy-CR9Qf10l.js                           [39m[1m[2m   13.70 kB[22m[22m[2m │ gzip:   3.56 kB[22m
[35mn8n-editor-ui:build: [0m[2mdist/[22m[2massets/[22m[36mCredentialSelectorModal-legacy-D13KpYp2.js                     [39m[1m[2m   14.22 kB[22m[22m[2m │ gzip:   3.23 kB[22m
[35mn8n-editor-ui:build: [0m[2mdist/[22m[2massets/[22m[36mResourceFiltersDropdown-legacy-DHeSygfe.js                     [39m[1m[2m   14.43 kB[22m[22m[2m │ gzip:   3.28 kB[22m
[35mn8n-editor-ui:build: [0m[2mdist/[22m[2massets/[22m[36museDebounce-legacy-BWCW289d.js                                 [39m[1m[2m   14.59 kB[22m[22m[2m │ gzip:   3.70 kB[22m
[35mn8n-editor-ui:build: [0m[2mdist/[22m[2massets/[22m[36mAuthView-legacy-CUuqoUif.js                                    [39m[1m[2m   14.65 kB[22m[22m[2m │ gzip:   2.90 kB[22m
[35mn8n-editor-ui:build: [0m[2mdist/[22m[2massets/[22m[36museWorkflowSaving-legacy-DxS5yFBw.js                           [39m[1m[2m   14.74 kB[22m[22m[2m │ gzip:   3.44 kB[22m
[35mn8n-editor-ui:build: [0m[2mdist/[22m[2massets/[22m[36mAlert-legacy-BM-b-O_f.js                                       [39m[1m[2m   14.77 kB[22m[22m[2m │ gzip:   2.88 kB[22m
[35mn8n-editor-ui:build: [0m[2mdist/[22m[2massets/[22m[36mpath-browserify-legacy-CsNMhLba.js                             [39m[1m[2m   14.89 kB[22m[22m[2m │ gzip:   2.78 kB[22m
[35mn8n-editor-ui:build: [0m[2mdist/[22m[2massets/[22m[36mWorkflowPreview-legacy-C0_6GVEL.js                             [39m[1m[2m   14.96 kB[22m[22m[2m │ gzip:   3.30 kB[22m
[35mn8n-editor-ui:build: [0m[2mdist/[22m[2massets/[22m[36museActions-legacy-Cx4RAlIy.js                                  [39m[1m[2m   15.28 kB[22m[22m[2m │ gzip:   3.41 kB[22m
[35mn8n-editor-ui:build: [0m[2mdist/[22m[2massets/[22m[36mPrebuiltAgentTemplatesView-legacy-TEnDJRqg.js                  [39m[1m[2m   15.81 kB[22m[22m[2m │ gzip:   3.27 kB[22m
[35mn8n-editor-ui:build: [0m[2mdist/[22m[2massets/[22m[36mpersonalizedTemplatesV3.store-legacy-CK6B4TnV.js               [39m[1m[2m   15.85 kB[22m[22m[2m │ gzip:   3.48 kB[22m
[35mn8n-editor-ui:build: [0m[2mdist/[22m[2massets/[22m[36mRunDataParsedAiContent-legacy-BE3DQ9AY.js                      [39m[1m[2m   16.30 kB[22m[22m[2m │ gzip:   3.90 kB[22m
[35mn8n-editor-ui:build: [0m[2mdist/[22m[2massets/[22m[36museBugReporting-legacy-VdpRlN6l.js                             [39m[1m[2m   16.40 kB[22m[22m[2m │ gzip:   4.12 kB[22m
[35mn8n-editor-ui:build: [0m[2mdist/[22m[2massets/[22m[36mradio-legacy-BavXC_Mk.js                                       [39m[1m[2m   16.54 kB[22m[22m[2m │ gzip:   3.15 kB[22m
[35mn8n-editor-ui:build: [0m[2mdist/[22m[2massets/[22m[36mTemplatesWorkflowView-legacy-CaDlmMvC.js                       [39m[1m[2m   16.69 kB[22m[22m[2m │ gzip:   3.85 kB[22m
[35mn8n-editor-ui:build: [0m[2mdist/[22m[2massets/[22m[36mWorkflowExecutionsInfoAccordion-legacy-C5AnqkfJ.js             [39m[1m[2m   16.86 kB[22m[22m[2m │ gzip:   3.60 kB[22m
[35mn8n-editor-ui:build: [0m[2mdist/[22m[2massets/[22m[36mTemplateDetails-legacy-BIMQuHRP.js                             [39m[1m[2m   17.09 kB[22m[22m[2m │ gzip:   3.04 kB[22m
[35mn8n-editor-ui:build: [0m[2mdist/[22m[2massets/[22m[36mTemplatesCollectionView-legacy-D7ZII-kr.js                     [39m[1m[2m   17.21 kB[22m[22m[2m │ gzip:   3.92 kB[22m
[35mn8n-editor-ui:build: [0m[2mdist/[22m[2massets/[22m[36mProjectRolesView-legacy-Cp9NQKPK.js                            [39m[1m[2m   17.22 kB[22m[22m[2m │ gzip:   4.00 kB[22m
[35mn8n-editor-ui:build: [0m[2mdist/[22m[2massets/[22m[36mModalDrawer-legacy-B_dAGTxF.js                                 [39m[1m[2m   17.23 kB[22m[22m[2m │ gzip:   4.13 kB[22m
[35mn8n-editor-ui:build: [0m[2mdist/[22m[2massets/[22m[36mProjectCardBadge-legacy-fiKbJNTa.js                            [39m[1m[2m   17.97 kB[22m[22m[2m │ gzip:   3.55 kB[22m
[35mn8n-editor-ui:build: [0m[2mdist/[22m[2massets/[22m[36mModal-legacy-OHAuh5T9.js                                       [39m[1m[2m   18.07 kB[22m[22m[2m │ gzip:   3.60 kB[22m
[35mn8n-editor-ui:build: [0m[2mdist/[22m[2massets/[22m[36mTagsDropdown-legacy-BXaxLXtZ.js                                [39m[1m[2m   18.19 kB[22m[22m[2m │ gzip:   4.26 kB[22m
[35mn8n-editor-ui:build: [0m[2mdist/[22m[2massets/[22m[36mbanners.store-legacy-BJXPWe-y.js                               [39m[1m[2m   18.24 kB[22m[22m[2m │ gzip:   3.62 kB[22m
[35mn8n-editor-ui:build: [0m[2mdist/[22m[2massets/[22m[36mInsightsTableWorkflows-legacy-CD5m2Wm8.js                      [39m[1m[2m   18.27 kB[22m[22m[2m │ gzip:   4.23 kB[22m
[35mn8n-editor-ui:build: [0m[2mdist/[22m[2massets/[22m[36mNodeCreation-legacy-BUf0tock.js                                [39m[1m[2m   19.72 kB[22m[22m[2m │ gzip:   4.63 kB[22m
[35mn8n-editor-ui:build: [0m[2mdist/[22m[2massets/[22m[36mOAuthConsentView-legacy-DUPB331L.js                            [39m[1m[2m   20.25 kB[22m[22m[2m │ gzip:   4.29 kB[22m
[35mn8n-editor-ui:build: [0m[2mdist/[22m[2massets/[22m[36mMigrationRuleDetail-legacy-DrCn-W-0.js                         [39m[1m[2m   20.27 kB[22m[22m[2m │ gzip:   4.77 kB[22m
[35mn8n-editor-ui:build: [0m[2mdist/[22m[2massets/[22m[36mRunDataJson-legacy-CfwKto6y.js                                 [39m[1m[2m   20.87 kB[22m[22m[2m │ gzip:   4.36 kB[22m
[35mn8n-editor-ui:build: [0m[2mdist/[22m[2massets/[22m[36mevaluation.constants-legacy-BRZtHJxX.js                        [39m[1m[2m   21.62 kB[22m[22m[2m │ gzip:   5.28 kB[22m
[35mn8n-editor-ui:build: [0m[2mdist/[22m[2massets/[22m[36mSettingsExternalSecrets-legacy-FJCssn3-.js                     [39m[1m[2m   22.07 kB[22m[22m[2m │ gzip:   4.57 kB[22m
[35mn8n-editor-ui:build: [0m[2mdist/[22m[2massets/[22m[36mSettingsView-legacy-49eirFK0.js                                [39m[1m[2m   22.90 kB[22m[22m[2m │ gzip:   4.20 kB[22m
[35mn8n-editor-ui:build: [0m[2mdist/[22m[2massets/[22m[36mdialog-legacy-BVbEROcN.js                                      [39m[1m[2m   22.99 kB[22m[22m[2m │ gzip:   4.81 kB[22m
[35mn8n-editor-ui:build: [0m[2mdist/[22m[2massets/[22m[36mInsightsSummary-legacy-hcsUTY3g.js                             [39m[1m[2m   23.24 kB[22m[22m[2m │ gzip:   5.15 kB[22m
[35mn8n-editor-ui:build: [0m[2mdist/[22m[2massets/[22m[36mMigrationRules-legacy-Ceth9oj5.js                              [39m[1m[2m   23.56 kB[22m[22m[2m │ gzip:   4.36 kB[22m
[35mn8n-editor-ui:build: [0m[2mdist/[22m[2massets/[22m[36mSetupWorkflowFromTemplateView-legacy-DOO_oU14.js               [39m[1m[2m   23.62 kB[22m[22m[2m │ gzip:   5.14 kB[22m
[35mn8n-editor-ui:build: [0m[2mdist/[22m[2massets/[22m[36mAgentEditorModal-legacy-DnEjdQ6j.js                            [39m[1m[2m   24.10 kB[22m[22m[2m │ gzip:   4.94 kB[22m
[35mn8n-editor-ui:build: [0m[2mdist/[22m[2massets/[22m[36mDataTableView-legacy-CMR5QtZ8.js                               [39m[1m[2m   24.15 kB[22m[22m[2m │ gzip:   5.26 kB[22m
[35mn8n-editor-ui:build: [0m[2mdist/[22m[2massets/[22m[36mProviderSettingsModal-legacy-Bg877aRf.js                       [39m[1m[2m   24.40 kB[22m[22m[2m │ gzip:   4.79 kB[22m
[35mn8n-editor-ui:build: [0m[2mdist/[22m[2massets/[22m[36mProjectSharing-legacy-BNV54n0g.js                              [39m[1m[2m   24.88 kB[22m[22m[2m │ gzip:   4.69 kB[22m
[35mn8n-editor-ui:build: [0m[2mdist/[22m[2massets/[22m[36mSigninView-legacy-Ko0tUv6P.js                                  [39m[1m[2m   25.07 kB[22m[22m[2m │ gzip:   5.41 kB[22m
[35mn8n-editor-ui:build: [0m[2mdist/[22m[2massets/[22m[36mCommunityNodeUpdateInfo-legacy-CJkydJOG.js                     [39m[1m[2m   25.42 kB[22m[22m[2m │ gzip:   4.75 kB[22m
[35mn8n-editor-ui:build: [0m[2mdist/[22m[2massets/[22m[36mExternalSecretsProviderConnectionSwitch.ee-legacy-CsydQZ9X.js  [39m[1m[2m   25.49 kB[22m[22m[2m │ gzip:   9.47 kB[22m
[35mn8n-editor-ui:build: [0m[2mdist/[22m[2massets/[22m[36mCredentialPicker-legacy-DulwDIoX.js                            [39m[1m[2m   25.65 kB[22m[22m[2m │ gzip:   4.80 kB[22m
[35mn8n-editor-ui:build: [0m[2mdist/[22m[2massets/[22m[36mSettingsChatHubView-legacy-DFh0BRXw.js                         [39m[1m[2m   26.06 kB[22m[22m[2m │ gzip:   4.98 kB[22m
[35mn8n-editor-ui:build: [0m[2mdist/[22m[2massets/[22m[36mProjectRoleView-legacy-drcjA7rI.js                             [39m[1m[2m   26.17 kB[22m[22m[2m │ gzip:   5.35 kB[22m
[35mn8n-editor-ui:build: [0m[2mdist/[22m[2massets/[22m[36mToolsSelectorModal-legacy-B4NVT8pT.js                          [39m[1m[2m   26.63 kB[22m[22m[2m │ gzip:   5.47 kB[22m
[35mn8n-editor-ui:build: [0m[2mdist/[22m[2massets/[22m[36mSetupTemplateFormStep-legacy-Cnne4j1x.js                       [39m[1m[2m   27.89 kB[22m[22m[2m │ gzip:   5.08 kB[22m
[35mn8n-editor-ui:build: [0m[2mdist/[22m[2massets/[22m[36maiTemplatesStarterCollection.store-legacy-BERZUZ_n.js          [39m[1m[2m   27.89 kB[22m[22m[2m │ gzip:   5.48 kB[22m
[35mn8n-editor-ui:build: [0m[2mdist/[22m[2massets/[22m[36mSettingsPersonalView-legacy-cpvAEA-n.js                        [39m[1m[2m   29.13 kB[22m[22m[2m │ gzip:   5.70 kB[22m
[35mn8n-editor-ui:build: [0m[2mdist/[22m[2massets/[22m[36mSettingsApiView-legacy-Cfq5Y9kw.js                             [39m[1m[2m   29.16 kB[22m[22m[2m │ gzip:   5.78 kB[22m
[35mn8n-editor-ui:build: [0m[2mdist/[22m[2massets/[22m[36massistant.store-legacy--j399nut.js                             [39m[1m[2m   29.31 kB[22m[22m[2m │ gzip:   5.86 kB[22m
[35mn8n-editor-ui:build: [0m[2mdist/[22m[2massets/[22m[36mFixedCollectionParameter-legacy-CIArh4ZW.js                    [39m[1m[2m   29.36 kB[22m[22m[2m │ gzip:   6.36 kB[22m
[35mn8n-editor-ui:build: [0m[2mdist/[22m[2massets/[22m[36mbuttons.esm-legacy-CALwAQts.js                                 [39m[1m[2m   29.37 kB[22m[22m[2m │ gzip:   7.94 kB[22m
[35mn8n-editor-ui:build: [0m[2mdist/[22m[2massets/[22m[36mreadyToRun.store-legacy-Zb9z9hwh.js                            [39m[1m[2m   29.68 kB[22m[22m[2m │ gzip:   5.83 kB[22m
[35mn8n-editor-ui:build: [0m[2mdist/[22m[2massets/[22m[36mChatAgentsView-legacy-CJ8jwo_a.js                              [39m[1m[2m   30.52 kB[22m[22m[2m │ gzip:   5.74 kB[22m
[35mn8n-editor-ui:build: [0m[2mdist/[22m[2massets/[22m[36mTemplateList-legacy-DSqpciBm.js                                [39m[1m[2m   30.71 kB[22m[22m[2m │ gzip:   5.03 kB[22m
[35mn8n-editor-ui:build: [0m[2mdist/[22m[2massets/[22m[36museMessage-legacy-COvAbNbd.js                                  [39m[1m[2m   32.06 kB[22m[22m[2m │ gzip:   6.73 kB[22m
[35mn8n-editor-ui:build: [0m[2mdist/[22m[2massets/[22m[36mSettingsLogStreamingView-legacy-Deommf2A.js                    [39m[1m[2m   33.44 kB[22m[22m[2m │ gzip:   6.36 kB[22m
[35mn8n-editor-ui:build: [0m[2mdist/[22m[2massets/[22m[36museCustomAgent-legacy-BrfuGL24.js                              [39m[1m[2m   33.60 kB[22m[22m[2m │ gzip:   6.87 kB[22m
[35mn8n-editor-ui:build: [0m[2mdist/[22m[2massets/[22m[36mWorkflowActivator-legacy-D7GAqARz.js                           [39m[1m[2m   33.92 kB[22m[22m[2m │ gzip:   6.15 kB[22m
[35mn8n-editor-ui:build: [0m[2mdist/[22m[2massets/[22m[36mSettingsCommunityNodesView-legacy-D-qaH9b1.js                  [39m[1m[2m   33.99 kB[22m[22m[2m │ gzip:   6.34 kB[22m
[35mn8n-editor-ui:build: [0m[2mdist/[22m[2massets/[22m[36musePushConnection-legacy-B0EgEdR9.js                           [39m[1m[2m   34.88 kB[22m[22m[2m │ gzip:   7.18 kB[22m
[35mn8n-editor-ui:build: [0m[2mdist/[22m[2massets/[22m[36mTestRunDetailView-legacy-BljLbaFB.js                           [39m[1m[2m   36.39 kB[22m[22m[2m │ gzip:   6.86 kB[22m
[35mn8n-editor-ui:build: [0m[2mdist/[22m[2massets/[22m[36mInsightsDashboard-legacy-BQgedEyA.js                           [39m[1m[2m   37.77 kB[22m[22m[2m │ gzip:   7.97 kB[22m
[35mn8n-editor-ui:build: [0m[2mdist/[22m[2massets/[22m[36mSettingsUsageAndPlan-legacy-DhOxx4vl.js                        [39m[1m[2m   38.14 kB[22m[22m[2m │ gzip:   6.56 kB[22m
[35mn8n-editor-ui:build: [0m[2mdist/[22m[2massets/[22m[36mSettingsSourceControl-legacy-BSo6HJZ4.js                       [39m[1m[2m   38.51 kB[22m[22m[2m │ gzip:   6.45 kB[22m
[35mn8n-editor-ui:build: [0m[2mdist/[22m[2massets/[22m[36mCredentialsView-legacy-BZc54QtG.js                             [39m[1m[2m   39.50 kB[22m[22m[2m │ gzip:   8.01 kB[22m
[35mn8n-editor-ui:build: [0m[2mdist/[22m[2massets/[22m[36mchat.store-legacy-fPkp3KU1.js                                  [39m[1m[2m   39.97 kB[22m[22m[2m │ gzip:   7.42 kB[22m
[35mn8n-editor-ui:build: [0m[2mdist/[22m[2massets/[22m[36mProjectVariables-legacy-DQizC0UV.js                            [39m[1m[2m   41.71 kB[22m[22m[2m │ gzip:   7.83 kB[22m
[35mn8n-editor-ui:build: [0m[2mdist/[22m[2massets/[22m[36mtemplates.store-legacy-CQcfptev.js                             [39m[1m[2m   42.72 kB[22m[22m[2m │ gzip:  13.58 kB[22m
[35mn8n-editor-ui:build: [0m[2mdist/[22m[2massets/[22m[36mEvaluationsView-legacy-CIISdr7Q.js                             [39m[1m[2m   43.02 kB[22m[22m[2m │ gzip:   7.30 kB[22m
[35mn8n-editor-ui:build: [0m[2mdist/[22m[2massets/[22m[36mxml-legacy-AlS_MIEy.js                                         [39m[1m[2m   43.70 kB[22m[22m[2m │ gzip:   7.85 kB[22m
[35mn8n-editor-ui:build: [0m[2mdist/[22m[2massets/[22m[36mProjectHeader-legacy-BwzpYICp.js                               [39m[1m[2m   44.01 kB[22m[22m[2m │ gzip:   7.80 kB[22m
[35mn8n-editor-ui:build: [0m[2mdist/[22m[2massets/[22m[36mExecutionsTime-legacy-gKMnPeXa.js                              [39m[1m[2m   44.08 kB[22m[22m[2m │ gzip:   6.72 kB[22m
[35mn8n-editor-ui:build: [0m[2mdist/[22m[2massets/[22m[36mChatSidebar-legacy-DK0fNjM3.js                                 [39m[1m[2m   44.16 kB[22m[22m[2m │ gzip:   7.74 kB[22m
[35mn8n-editor-ui:build: [0m[2mdist/[22m[2massets/[22m[36mRunDataTable-legacy-BKoK1oHU.js                                [39m[1m[2m   47.51 kB[22m[22m[2m │ gzip:   9.40 kB[22m
[35mn8n-editor-ui:build: [0m[2mdist/[22m[2massets/[22m[36mCalendarDate-legacy-BdfabYz_.js                                [39m[1m[2m   48.57 kB[22m[22m[2m │ gzip:   8.83 kB[22m
[35mn8n-editor-ui:build: [0m[2mdist/[22m[2massets/[22m[36mEvaluationsRootView-legacy-DN-wDhoD.js                         [39m[1m[2m   49.42 kB[22m[22m[2m │ gzip:   7.37 kB[22m
[35mn8n-editor-ui:build: [0m[2mdist/[22m[2massets/[22m[36museRunWorkflow-legacy-DL68GuTH.js                              [39m[1m[2m   49.64 kB[22m[22m[2m │ gzip:  11.13 kB[22m
[35mn8n-editor-ui:build: [0m[2mdist/[22m[2massets/[22m[36mResourcesListLayout-legacy-b-6XjzL6.js                         [39m[1m[2m   50.55 kB[22m[22m[2m │ gzip:   9.19 kB[22m
[35mn8n-editor-ui:build: [0m[2mdist/[22m[2massets/[22m[36mvue-json-pretty-legacy-DitlcWOL.js                             [39m[1m[2m   53.83 kB[22m[22m[2m │ gzip:  11.49 kB[22m
[35mn8n-editor-ui:build: [0m[2mdist/[22m[2massets/[22m[36mreadyToRunWorkflows.store-legacy-C_xY9ZTu.js                   [39m[1m[2m   56.10 kB[22m[22m[2m │ gzip:  10.84 kB[22m
[35mn8n-editor-ui:build: [0m[2mdist/[22m[2massets/[22m[36mWorkflowExecutionsPreview-legacy-qE4PB258.js                   [39m[1m[2m   58.93 kB[22m[22m[2m │ gzip:   9.17 kB[22m
[35mn8n-editor-ui:build: [0m[2mdist/[22m[2massets/[22m[36mSettingsUsersView-legacy-DLaz90dV.js                           [39m[1m[2m   61.14 kB[22m[22m[2m │ gzip:  10.05 kB[22m
[35mn8n-editor-ui:build: [0m[2mdist/[22m[2massets/[22m[36mExecutionsView-legacy-CrHW5ars.js                              [39m[1m[2m   64.90 kB[22m[22m[2m │ gzip:  10.39 kB[22m
[35mn8n-editor-ui:build: [0m[2mdist/[22m[2massets/[22m[36museLogsTreeExpand-legacy-C-sAWL8e.js                           [39m[1m[2m   66.13 kB[22m[22m[2m │ gzip:  13.02 kB[22m
[35mn8n-editor-ui:build: [0m[2mdist/[22m[2massets/[22m[36mNodeDetailsViewV2-legacy-BVcJr0rq.js                           [39m[1m[2m   66.60 kB[22m[22m[2m │ gzip:  13.10 kB[22m
[35mn8n-editor-ui:build: [0m[2mdist/[22m[2massets/[22m[36mWorkerView-legacy-CgQ-YVi2.js                                  [39m[1m[2m   67.26 kB[22m[22m[2m │ gzip:   9.17 kB[22m
[35mn8n-editor-ui:build: [0m[2mdist/[22m[2massets/[22m[36mWorkflowExecutionsView-legacy-CjrFqXGz.js                      [39m[1m[2m   67.49 kB[22m[22m[2m │ gzip:  10.99 kB[22m
[35mn8n-editor-ui:build: [0m[2mdist/[22m[2massets/[22m[36mProjectSettings-legacy-BeSqjhDw.js                             [39m[1m[2m   67.84 kB[22m[22m[2m │ gzip:  10.91 kB[22m
[35mn8n-editor-ui:build: [0m[2mdist/[22m[2massets/[22m[36mmerge-legacy-CezH46RK.js                                       [39m[1m[2m   74.08 kB[22m[22m[2m │ gzip:  11.17 kB[22m
[35mn8n-editor-ui:build: [0m[2mdist/[22m[2massets/[22m[36mWorkflowHistory-legacy-Cs3RMeIo.js                             [39m[1m[2m   76.56 kB[22m[22m[2m │ gzip:  12.10 kB[22m
[35mn8n-editor-ui:build: [0m[2mdist/[22m[2massets/[22m[36mNodeDetailsView-legacy-oRJbbllK.js                             [39m[1m[2m   78.20 kB[22m[22m[2m │ gzip:  13.89 kB[22m
[35mn8n-editor-ui:build: [0m[2mdist/[22m[2massets/[22m[36msemver-legacy-bOksMyax.js                                      [39m[1m[2m   78.96 kB[22m[22m[2m │ gzip:  12.84 kB[22m
[35mn8n-editor-ui:build: [0m[2mdist/[22m[2massets/[22m[36mcore-legacy-BhOSRjqc.js                                        [39m[1m[2m   80.01 kB[22m[22m[2m │ gzip:  17.12 kB[22m
[35mn8n-editor-ui:build: [0m[2mdist/[22m[2massets/[22m[36mSettingsSso-legacy-CLFziQsa.js                                 [39m[1m[2m   80.49 kB[22m[22m[2m │ gzip:  12.22 kB[22m
[35mn8n-editor-ui:build: [0m[2mdist/[22m[2massets/[22m[36mTemplatesSearchView-legacy-BnjsKokV.js                         [39m[1m[2m   89.51 kB[22m[22m[2m │ gzip:  15.31 kB[22m
[35mn8n-editor-ui:build: [0m[2mdist/[22m[2massets/[22m[36museCommandBar-legacy-KYlCFWgW.js                               [39m[1m[2m   90.80 kB[22m[22m[2m │ gzip:  14.73 kB[22m
[35mn8n-editor-ui:build: [0m[2mdist/[22m[2massets/[22m[36museCanvasOperations-legacy-B4lpmHV3.js                         [39m[1m[2m   92.11 kB[22m[22m[2m │ gzip:  18.27 kB[22m
[35mn8n-editor-ui:build: [0m[2mdist/[22m[2massets/[22m[36mMainSidebar-legacy-VG6BX9et.js                                 [39m[1m[2m  100.32 kB[22m[22m[2m │ gzip:  14.79 kB[22m
[35mn8n-editor-ui:build: [0m[2mdist/[22m[2massets/[22m[36mItemsRenderer-legacy-js31N5zD.js                               [39m[1m[2m  102.18 kB[22m[22m[2m │ gzip:  12.83 kB[22m
[35mn8n-editor-ui:build: [0m[2mdist/[22m[2massets/[22m[36mSettingsMCPView-legacy-JEa00Ooz.js                             [39m[1m[2m  103.20 kB[22m[22m[2m │ gzip:  13.05 kB[22m
[35mn8n-editor-ui:build: [0m[2mdist/[22m[2massets/[22m[36mAddDataTableModal-legacy-BMpLRRop.js                           [39m[1m[2m  105.39 kB[22m[22m[2m │ gzip:  19.66 kB[22m
[35mn8n-editor-ui:build: [0m[2mdist/[22m[2massets/[22m[36mSettingsLdapView-legacy-Cr3tsKa5.js                            [39m[1m[2m  106.31 kB[22m[22m[2m │ gzip:  16.53 kB[22m
[35mn8n-editor-ui:build: [0m[2mdist/[22m[2massets/[22m[36mTriggerPanel-legacy-CrgmNstp.js                                [39m[1m[2m  109.78 kB[22m[22m[2m │ gzip:  17.30 kB[22m
[35mn8n-editor-ui:build: [0m[2mdist/[22m[2massets/[22m[36mexports-legacy-5yUGzhAX.js                                     [39m[1m[2m  119.06 kB[22m[22m[2m │ gzip:  28.91 kB[22m
[35mn8n-editor-ui:build: [0m[2mdist/[22m[2massets/[22m[36mChatView-legacy-Cju0qT75.js                                    [39m[1m[2m  120.32 kB[22m[22m[2m │ gzip:  19.50 kB[22m
[35mn8n-editor-ui:build: [0m[2mdist/[22m[2massets/[22m[36mVirtualSchema-legacy-BU621w5T.js                               [39m[1m[2m  130.59 kB[22m[22m[2m │ gzip:  27.68 kB[22m
[35mn8n-editor-ui:build: [0m[2mdist/[22m[2massets/[22m[36mempty-legacy-CsIOGMHW.js                                       [39m[1m[2m  130.62 kB[22m[22m[2m │ gzip:  22.07 kB[22m
[35mn8n-editor-ui:build: [0m[2mdist/[22m[2massets/[22m[36mNodeCreator-legacy-CEGHXVxS.js                                 [39m[1m[2m  132.00 kB[22m[22m[2m │ gzip:  20.24 kB[22m
[35mn8n-editor-ui:build: [0m[2mdist/[22m[2massets/[22m[36mrouter-legacy-BuMNRs2Z.js                                      [39m[1m[2m  158.83 kB[22m[22m[2m │ gzip:  25.03 kB[22m
[35mn8n-editor-ui:build: [0m[2mdist/[22m[2massets/[22m[36mMainHeader-legacy-DHgPUA_X.js                                  [39m[1m[2m  158.94 kB[22m[22m[2m │ gzip:  25.36 kB[22m
[35mn8n-editor-ui:build: [0m[2mdist/[22m[2massets/[22m[36mNodeView-legacy-DcA_ZMUf.js                                    [39m[1m[2m  166.68 kB[22m[22m[2m │ gzip:  28.82 kB[22m
[35mn8n-editor-ui:build: [0m[2mdist/[22m[2massets/[22m[36mnodeCreator.store-legacy-DxNbbCfj.js                           [39m[1m[2m  170.73 kB[22m[22m[2m │ gzip:  27.01 kB[22m
[35mn8n-editor-ui:build: [0m[2mdist/[22m[2massets/[22m[36m_baseOrderBy-legacy-DN3ywMXt.js                                [39m[1m[2m  171.61 kB[22m[22m[2m │ gzip:  40.58 kB[22m
[35mn8n-editor-ui:build: [0m[2mdist/[22m[2massets/[22m[36mNodeSettings-legacy-Dtj6CQmM.js                                [39m[1m[2m  183.03 kB[22m[22m[2m │ gzip:  29.83 kB[22m
[35mn8n-editor-ui:build: [0m[2mdist/[22m[2massets/[22m[36mtable-legacy-BmQS9ias.js                                       [39m[1m[2m  195.61 kB[22m[22m[2m │ gzip:  39.41 kB[22m
[35mn8n-editor-ui:build: [0m[2mdist/[22m[2massets/[22m[36mvue-legacy-BBjqxtQL.js                                         [39m[1m[2m  199.57 kB[22m[22m[2m │ gzip:  41.81 kB[22m
[35mn8n-editor-ui:build: [0m[2mdist/[22m[2massets/[22m[36mLogsPanel-legacy-DApJhxx-.js                                   [39m[1m[2m  216.36 kB[22m[22m[2m │ gzip:  31.82 kB[22m
[35mn8n-editor-ui:build: [0m[2mdist/[22m[2massets/[22m[36mdate-picker-legacy-D3LcWHyn.js                                 [39m[1m[2m  224.73 kB[22m[22m[2m │ gzip:  36.09 kB[22m
[35mn8n-editor-ui:build: [0m[2mdist/[22m[2massets/[22m[36mWorkflowsView-legacy-sqtt6DqX.js                               [39m[1m[2m  235.90 kB[22m[22m[2m │ gzip:  33.15 kB[22m
[35mn8n-editor-ui:build: [0m[2mdist/[22m[2massets/[22m[36mRunDataJsonActions-legacy-LVmLIpLO.js                          [39m[1m[2m  270.63 kB[22m[22m[2m │ gzip:  41.87 kB[22m
[35mn8n-editor-ui:build: [0m[2mdist/[22m[2massets/[22m[36mtruncate-legacy-CBe71piG.js                                    [39m[1m[2m  272.14 kB[22m[22m[2m │ gzip:  56.89 kB[22m
[35mn8n-editor-ui:build: [0m[2mdist/[22m[2massets/[22m[36mlanguageModules-legacy-CbBlREl1.js                             [39m[1m[2m  332.62 kB[22m[22m[2m │ gzip:  77.93 kB[22m
[35mn8n-editor-ui:build: [0m[2mdist/[22m[2massets/[22m[36mvue.runtime.esm-bundler-legacy--Sn1h8On.js                     [39m[1m[2m  344.70 kB[22m[22m[2m │ gzip:  75.07 kB[22m
[35mn8n-editor-ui:build: [0m[2mdist/[22m[2massets/[22m[36museImportCurlCommand-legacy-CHyZZtG8.js                        [39m[1m[2m  424.67 kB[22m[22m[2m │ gzip:  69.05 kB[22m
[35mn8n-editor-ui:build: [0m[2mdist/[22m[2massets/[22m[36mchart-legacy-mnuCkIAv.js                                       [39m[1m[2m  460.05 kB[22m[22m[2m │ gzip:  96.73 kB[22m
[35mn8n-editor-ui:build: [0m[2mdist/[22m[2massets/[22m[36msanitize-html-legacy-DBxaYKML.js                               [39m[1m[33m  536.08 kB[39m[22m[2m │ gzip: 111.92 kB[22m
[35mn8n-editor-ui:build: [0m[2mdist/[22m[2massets/[22m[36m_MapCache-legacy-DaBQCcCA.js                                   [39m[1m[33m  642.39 kB[39m[22m[2m │ gzip: 130.03 kB[22m
[35mn8n-editor-ui:build: [0m[2mdist/[22m[2massets/[22m[36museCanvasMapping-legacy-CD7j3Rlo.js                            [39m[1m[33m  760.77 kB[39m[22m[2m │ gzip: 126.55 kB[22m
[35mn8n-editor-ui:build: [0m[2mdist/[22m[2massets/[22m[36mNDVEmptyState-legacy-DyQHVTVJ.js                               [39m[1m[33m  917.42 kB[39m[22m[2m │ gzip: 191.67 kB[22m
[35mn8n-editor-ui:build: [0m[2mdist/[22m[2massets/[22m[36mbuilder.store-legacy-Bh3Nx-NO.js                               [39m[1m[33m1,269.79 kB[39m[22m[2m │ gzip: 253.54 kB[22m
[35mn8n-editor-ui:build: [0m[2mdist/[22m[2massets/[22m[36mes-legacy-DoMUuApQ.js                                          [39m[1m[33m1,349.80 kB[39m[22m[2m │ gzip: 328.80 kB[22m
[35mn8n-editor-ui:build: [0m[2mdist/[22m[2massets/[22m[36misEmpty-legacy-FQThk1Ai.js                                     [39m[1m[33m1,995.51 kB[39m[22m[2m │ gzip: 432.34 kB[22m
[35mn8n-editor-ui:build: [0m[2mdist/[22m[2massets/[22m[36mParameterInputList-legacy-CijbqLMB.js                          [39m[1m[33m2,060.39 kB[39m[22m[2m │ gzip: 394.71 kB[22m
[35mn8n-editor-ui:build: [0m[2mdist/[22m[2massets/[22m[36mDataTableDetailsView-legacy-CNj2xJUm.js                        [39m[1m[33m2,119.82 kB[39m[22m[2m │ gzip: 395.89 kB[22m
[35mn8n-editor-ui:build: [0m[2mdist/[22m[2massets/[22m[36mindex-legacy-CbXYwtMV.js                                       [39m[1m[33m2,211.75 kB[39m[22m[2m │ gzip: 333.10 kB[22m
[35mn8n-editor-ui:build: [0m[2mdist/[22m[2massets/[22m[36msrc-legacy-mEni0zY7.js                                         [39m[1m[33m3,154.52 kB[39m[22m[2m │ gzip: 508.40 kB[22m
[35mn8n-editor-ui:build: [0m[2mdist/[22m[2massets/[22m[36mconstants-legacy-ClGsARh2.js                                   [39m[1m[33m3,713.07 kB[39m[22m[2m │ gzip: 634.54 kB[22m
[35mn8n-editor-ui:build: [0m[33m[EVAL] Warning:[0m Use of `eval` function is strongly discouraged as it poses security risks and may cause issues with minification.
[35mn8n-editor-ui:build: [0m      [38;5;246m╭[0m[38;5;246m─[0m[38;5;246m[[0m ../../../node_modules/.pnpm/web-tree-sitter@0.24.3/node_modules/web-tree-sitter/tree-sitter.js:1195:37 [38;5;246m][0m
[35mn8n-editor-ui:build: [0m      [38;5;246m│[0m
[35mn8n-editor-ui:build: [0m [38;5;246m1195 │[0m [38;5;249m [0m[38;5;249m [0m[38;5;249m [0m[38;5;249m [0m[38;5;249m [0m[38;5;249m [0m[38;5;249m [0m[38;5;249m [0m[38;5;249m [0m[38;5;249m [0m[38;5;249m [0m[38;5;249m [0m[38;5;249m [0m[38;5;249m [0m[38;5;249m [0m[38;5;249m [0m[38;5;249mA[0m[38;5;249mS[0m[38;5;249mM[0m[38;5;249m_[0m[38;5;249mC[0m[38;5;249mO[0m[38;5;249mN[0m[38;5;249mS[0m[38;5;249mT[0m[38;5;249mS[0m[38;5;249m[[0m[38;5;249ms[0m[38;5;249mt[0m[38;5;249ma[0m[38;5;249mr[0m[38;5;249mt[0m[38;5;249m][0m[38;5;249m [0m[38;5;249m=[0m[38;5;249m [0meval[38;5;249m([0m[38;5;249mf[0m[38;5;249mu[0m[38;5;249mn[0m[38;5;249mc[0m[38;5;249m)[0m[38;5;249m;[0m
[35mn8n-editor-ui:build: [0m [38;5;240m     │[0m                                     ──┬─  
[35mn8n-editor-ui:build: [0m [38;5;240m     │[0m                                       ╰─── Use of `eval` function here.
[35mn8n-editor-ui:build: [0m[38;5;246m──────╯[0m
[35mn8n-editor-ui:build: [0m
[35mn8n-editor-ui:build: [0m[33m[EVAL] Warning:[0m Use of `eval` function is strongly discouraged as it poses security risks and may cause issues with minification.
[35mn8n-editor-ui:build: [0m      [38;5;246m╭[0m[38;5;246m─[0m[38;5;246m[[0m ../../../node_modules/.pnpm/web-tree-sitter@0.24.3/node_modules/web-tree-sitter/tree-sitter.js:1221:39 [38;5;246m][0m
[35mn8n-editor-ui:build: [0m      [38;5;246m│[0m
[35mn8n-editor-ui:build: [0m [38;5;246m1221 │[0m [38;5;249m [0m[38;5;249m [0m[38;5;249m [0m[38;5;249m [0m[38;5;249m [0m[38;5;249m [0m[38;5;249m [0m[38;5;249m [0m[38;5;249m [0m[38;5;249m [0m[38;5;249m [0m[38;5;249m [0m[38;5;249m [0m[38;5;249m [0m[38;5;249m [0m[38;5;249m [0m[38;5;249mm[0m[38;5;249mo[0m[38;5;249md[0m[38;5;249mu[0m[38;5;249ml[0m[38;5;249me[0m[38;5;249mE[0m[38;5;249mx[0m[38;5;249mp[0m[38;5;249mo[0m[38;5;249mr[0m[38;5;249mt[0m[38;5;249ms[0m[38;5;249m[[0m[38;5;249mn[0m[38;5;249ma[0m[38;5;249mm[0m[38;5;249me[0m[38;5;249m][0m[38;5;249m [0m[38;5;249m=[0m[38;5;249m [0meval[38;5;249m([0m[38;5;249mf[0m[38;5;249mu[0m[38;5;249mn[0m[38;5;249mc[0m[38;5;249m)[0m[38;5;249m;[0m
[35mn8n-editor-ui:build: [0m [38;5;240m     │[0m                                       ──┬─  
[35mn8n-editor-ui:build: [0m [38;5;240m     │[0m                                         ╰─── Use of `eval` function here.
[35mn8n-editor-ui:build: [0m[38;5;246m──────╯[0m
[35mn8n-editor-ui:build: [0m
[35mn8n-editor-ui:build: [0m<script src="/{{BASE_PATH}}/static/base-path.js"> in "/index.html" can't be bundled without type="module" attribute
[35mn8n-editor-ui:build: [0m<script src="/{{BASE_PATH}}/static/posthog.init.js"> in "/index.html" can't be bundled without type="module" attribute
[35mn8n-editor-ui:build: [0m[plugin builtin:import-glob] Invalid glob pattern: `@n8n/i18n/locales/*.json` in file 'src/app/dev/i18nHmr.ts'. Glob patterns must start with:
[35mn8n-editor-ui:build: [0m  • '/' for absolute paths from project root
[35mn8n-editor-ui:build: [0m  • './' or '../' for relative paths
[35mn8n-editor-ui:build: [0m  • '**/' for recursive matching from project root
[35mn8n-editor-ui:build: [0m  • '#' for subpath imports (with '*' wildcard)
[35mn8n-editor-ui:build: [0m[plugin rolldown:vite-resolve] Module "os" has been externalized for browser compatibility, imported by "/home/nxtwave/Desktop/Nxtwave-codebase/n8n-custom/node_modules/.pnpm/recast@0.22.0/node_modules/recast/lib/util.js". See https://vite.dev/guide/troubleshooting.html#module-externalized-for-browser-compatibility for more details.
[35mn8n-editor-ui:build: [0m[2K[35mn8n-editor-ui:build: [0mtransforming...[32m✓[39m 6666 modules transformed.
[35mn8n-editor-ui:build: [0mrendering chunks...
[35mn8n-editor-ui:build: [0m[plugin builtin:reporter] 
[35mn8n-editor-ui:build: [0m(!) /home/nxtwave/Desktop/Nxtwave-codebase/n8n-custom/packages/frontend/editor-ui/src/features/ndv/parameters/components/CollectionParameter.vue is dynamically imported by /home/nxtwave/Desktop/Nxtwave-codebase/n8n-custom/packages/frontend/editor-ui/src/features/ndv/parameters/components/ParameterInputList.vue?vue&type=script&setup=true&lang.ts but also statically imported by /home/nxtwave/Desktop/Nxtwave-codebase/n8n-custom/packages/frontend/editor-ui/src/features/ndv/parameters/components/MultipleParameter.vue?vue&type=script&setup=true&lang.ts, dynamic import will not move module into another chunk.
[35mn8n-editor-ui:build: [0m
[35mn8n-editor-ui:build: [0m[vite-plugin-static-copy] Copied 2 items.
[35mn8n-editor-ui:build: [0mcomputing gzip size...
[35mn8n-editor-ui:build: [0m[2mdist/[22m[2massets/[22m[32msqlite3-opfs-async-proxy-vVtmDGHX.js                    [39m[1m[2m   15.79 kB[22m[22m
[35mn8n-editor-ui:build: [0m[2mdist/[22m[32mindex.html                                                     [39m[1m[2m   16.23 kB[22m[22m[2m │ gzip:   3.28 kB[22m
[35mn8n-editor-ui:build: [0m[2mdist/[22m[2massets/[22m[32melement-icons-B-tDfklg.woff                             [39m[1m[2m   28.20 kB[22m[22m
[35mn8n-editor-ui:build: [0m[2mdist/[22m[2massets/[22m[32melement-icons-_lZGOqcG.ttf                              [39m[1m[2m   55.95 kB[22m[22m
[35mn8n-editor-ui:build: [0m[2mdist/[22m[2massets/[22m[32mCommitMonoVariable-ytizKI8U.woff2                       [39m[1m[2m   86.76 kB[22m[22m
[35mn8n-editor-ui:build: [0m[2mdist/[22m[2massets/[22m[32mdoppler-B__k0MeW.webp                                   [39m[1m[2m  315.06 kB[22m[22m
[35mn8n-editor-ui:build: [0m[2mdist/[22m[2massets/[22m[32mInterVariable-DiVDrmQJ.woff2                            [39m[1m[2m  352.24 kB[22m[22m
[35mn8n-editor-ui:build: [0m[2mdist/[22m[2massets/[22m[32msqlite3-worker1-bundler-friendly-BOYmhhGN.js            [39m[1m[2m  362.94 kB[22m[22m
[35mn8n-editor-ui:build: [0m[2mdist/[22m[2massets/[22m[32mworker-CIvWfg3a.js                                      [39m[1m[2m  377.11 kB[22m[22m
[35mn8n-editor-ui:build: [0m[2mdist/[22m[2massets/[22m[32mInterVariable-Italic-FCBEiFp6.woff2                     [39m[1m[2m  387.97 kB[22m[22m
[35mn8n-editor-ui:build: [0m[2mdist/[22m[2massets/[22m[32msqlite3-DBpDb1lf.wasm                                   [39m[1m[2m  856.44 kB[22m[22m[2m │ gzip: 396.48 kB[22m
[35mn8n-editor-ui:build: [0m[2mdist/[22m[2massets/[22m[32mtypescript.worker-CYqLvLHh.js                           [39m[1m[2m7,973.57 kB[22m[22m
[35mn8n-editor-ui:build: [0m[2mdist/[22m[2massets/[22m[35mEntityNotFound-D6gi5ngN.css                             [39m[1m[2m    0.19 kB[22m[22m[2m │ gzip:   0.16 kB[22m
[35mn8n-editor-ui:build: [0m[2mdist/[22m[2massets/[22m[35mEntityUnAuthorised-D3XTbU6Y.css                         [39m[1m[2m    0.19 kB[22m[22m[2m │ gzip:   0.16 kB[22m
[35mn8n-editor-ui:build: [0m[2mdist/[22m[2massets/[22m[35mProjectRolesView-CZqQ656d.css                           [39m[1m[2m    0.26 kB[22m[22m[2m │ gzip:   0.17 kB[22m
[35mn8n-editor-ui:build: [0m[2mdist/[22m[2massets/[22m[35mSeverityTag-C0hCvHeU.css                                [39m[1m[2m    0.27 kB[22m[22m[2m │ gzip:   0.15 kB[22m
[35mn8n-editor-ui:build: [0m[2mdist/[22m[2massets/[22m[35mMigrationRuleDetail-4tgkxxhX.css                        [39m[1m[2m    0.42 kB[22m[22m[2m │ gzip:   0.28 kB[22m
[35mn8n-editor-ui:build: [0m[2mdist/[22m[2massets/[22m[35mNDVEmptyState-Bho0_Ev8.css                              [39m[1m[2m    0.52 kB[22m[22m[2m │ gzip:   0.28 kB[22m
[35mn8n-editor-ui:build: [0m[2mdist/[22m[2massets/[22m[35mAnimatedSpinner-CoP6Lyme.css                            [39m[1m[2m    0.57 kB[22m[22m[2m │ gzip:   0.19 kB[22m
[35mn8n-editor-ui:build: [0m[2mdist/[22m[2massets/[22m[35mProjectRoleView-Ds9qdhh9.css                            [39m[1m[2m    0.86 kB[22m[22m[2m │ gzip:   0.42 kB[22m
[35mn8n-editor-ui:build: [0m[2mdist/[22m[2massets/[22m[35mMigrationRules-wMqorxjv.css                             [39m[1m[2m    1.42 kB[22m[22m[2m │ gzip:   0.50 kB[22m
[35mn8n-editor-ui:build: [0m[2mdist/[22m[2massets/[22m[35mRunDataHtml-Bu3RZcuV.css                                [39m[1m[2m    2.53 kB[22m[22m[2m │ gzip:   0.46 kB[22m
[35mn8n-editor-ui:build: [0m[2mdist/[22m[2massets/[22m[35mCredentialIcon-bZrcXcyJ.css                             [39m[1m[2m    2.56 kB[22m[22m[2m │ gzip:   0.47 kB[22m
[35mn8n-editor-ui:build: [0m[2mdist/[22m[2massets/[22m[35mNodeIcon-eaW3atZy.css                                   [39m[1m[2m    2.57 kB[22m[22m[2m │ gzip:   0.48 kB[22m
[35mn8n-editor-ui:build: [0m[2mdist/[22m[2massets/[22m[35mModalDrawer-B-12esvU.css                                [39m[1m[2m    2.58 kB[22m[22m[2m │ gzip:   0.48 kB[22m
[35mn8n-editor-ui:build: [0m[2mdist/[22m[2massets/[22m[35mTextWithHighlights-BgbTzzK2.css                         [39m[1m[2m    2.63 kB[22m[22m[2m │ gzip:   0.51 kB[22m
[35mn8n-editor-ui:build: [0m[2mdist/[22m[2massets/[22m[35mKeyboardShortcutTooltip-pRLqnHdh.css                    [39m[1m[2m    2.65 kB[22m[22m[2m │ gzip:   0.52 kB[22m
[35mn8n-editor-ui:build: [0m[2mdist/[22m[2massets/[22m[35mRunDataJsonActions-CZx7rSSE.css                         [39m[1m[2m    2.65 kB[22m[22m[2m │ gzip:   0.52 kB[22m
[35mn8n-editor-ui:build: [0m[2mdist/[22m[2massets/[22m[35mChatAgentAvatar-BQdWaF20.css                            [39m[1m[2m    2.67 kB[22m[22m[2m │ gzip:   0.51 kB[22m
[35mn8n-editor-ui:build: [0m[2mdist/[22m[2massets/[22m[35mInsightsPaywall-CE5W3W4m.css                            [39m[1m[2m    2.70 kB[22m[22m[2m │ gzip:   0.56 kB[22m
[35mn8n-editor-ui:build: [0m[2mdist/[22m[2massets/[22m[35mDraggable-DfBtatxg.css                                  [39m[1m[2m    2.72 kB[22m[22m[2m │ gzip:   0.55 kB[22m
[35mn8n-editor-ui:build: [0m[2mdist/[22m[2massets/[22m[35mExternalSecretsProviderConnectionSwitch-dpp96SMy.css    [39m[1m[2m    2.74 kB[22m[22m[2m │ gzip:   0.56 kB[22m
[35mn8n-editor-ui:build: [0m[2mdist/[22m[2massets/[22m[35mChatSidebarOpener-CxM-3LAt.css                          [39m[1m[2m    2.83 kB[22m[22m[2m │ gzip:   0.61 kB[22m
[35mn8n-editor-ui:build: [0m[2mdist/[22m[2massets/[22m[35mModelByIdSelectorModal-CF6s_557.css                     [39m[1m[2m    2.86 kB[22m[22m[2m │ gzip:   0.60 kB[22m
[35mn8n-editor-ui:build: [0m[2mdist/[22m[2massets/[22m[35mSaveButton-Dc01Y2MA.css                                 [39m[1m[2m    2.86 kB[22m[22m[2m │ gzip:   0.61 kB[22m
[35mn8n-editor-ui:build: [0m[2mdist/[22m[2massets/[22m[35mPageViewLayout-Cn6FD0Wt.css                             [39m[1m[2m    2.90 kB[22m[22m[2m │ gzip:   0.62 kB[22m
[35mn8n-editor-ui:build: [0m[2mdist/[22m[2massets/[22m[35mErrorView-D2OMvGTk.css                                  [39m[1m[2m    2.93 kB[22m[22m[2m │ gzip:   0.62 kB[22m
[35mn8n-editor-ui:build: [0m[2mdist/[22m[2massets/[22m[35mNodeCreation-CKa3G1zA.css                               [39m[1m[2m    2.93 kB[22m[22m[2m │ gzip:   0.65 kB[22m
[35mn8n-editor-ui:build: [0m[2mdist/[22m[2massets/[22m[35mSelectedItemsInfo-DDbNnY7M.css                          [39m[1m[2m    2.96 kB[22m[22m[2m │ gzip:   0.64 kB[22m
[35mn8n-editor-ui:build: [0m[2mdist/[22m[2massets/[22m[35mWorkflowExecutionsLandingPage-DMldlKod.css              [39m[1m[2m    2.97 kB[22m[22m[2m │ gzip:   0.63 kB[22m
[35mn8n-editor-ui:build: [0m[2mdist/[22m[2massets/[22m[35mCredentialSelectorModal-CKQNdS8g.css                    [39m[1m[2m    3.05 kB[22m[22m[2m │ gzip:   0.63 kB[22m
[35mn8n-editor-ui:build: [0m[2mdist/[22m[2massets/[22m[35mTemplatesCollectionView-klb8FT9y.css                    [39m[1m[2m    3.06 kB[22m[22m[2m │ gzip:   0.66 kB[22m
[35mn8n-editor-ui:build: [0m[2mdist/[22m[2massets/[22m[35mSigninView-BQgsTN8o.css                                 [39m[1m[2m    3.07 kB[22m[22m[2m │ gzip:   0.68 kB[22m
[35mn8n-editor-ui:build: [0m[2mdist/[22m[2massets/[22m[35mTemplateCard-DxDBlS6p.css                               [39m[1m[2m    3.10 kB[22m[22m[2m │ gzip:   0.67 kB[22m
[35mn8n-editor-ui:build: [0m[2mdist/[22m[2massets/[22m[35mSetupWorkflowFromTemplateView-CU2iGJTa.css              [39m[1m[2m    3.10 kB[22m[22m[2m │ gzip:   0.68 kB[22m
[35mn8n-editor-ui:build: [0m[2mdist/[22m[2massets/[22m[35mSettingsExternalSecrets-CaiOf7cD.css                    [39m[1m[2m    3.10 kB[22m[22m[2m │ gzip:   0.65 kB[22m
[35mn8n-editor-ui:build: [0m[2mdist/[22m[2massets/[22m[35mAgentEditorModal-CwCd7RNA.css                           [39m[1m[2m    3.11 kB[22m[22m[2m │ gzip:   0.68 kB[22m
[35mn8n-editor-ui:build: [0m[2mdist/[22m[2massets/[22m[35museCommandBar-eK4Fv9lH.css                              [39m[1m[2m    3.12 kB[22m[22m[2m │ gzip:   0.66 kB[22m
[35mn8n-editor-ui:build: [0m[2mdist/[22m[2massets/[22m[35mWorkflowPreview-CYpzxJej.css                            [39m[1m[2m    3.17 kB[22m[22m[2m │ gzip:   0.72 kB[22m
[35mn8n-editor-ui:build: [0m[2mdist/[22m[2massets/[22m[35mSettingsLdapView-BuamZyhu.css                           [39m[1m[2m    3.26 kB[22m[22m[2m │ gzip:   0.70 kB[22m
[35mn8n-editor-ui:build: [0m[2mdist/[22m[2massets/[22m[35mResourceFiltersDropdown-BACE5ZTX.css                    [39m[1m[2m    3.26 kB[22m[22m[2m │ gzip:   0.68 kB[22m
[35mn8n-editor-ui:build: [0m[2mdist/[22m[2massets/[22m[35mProjectBreadcrumb-CAEDvzuN.css                          [39m[1m[2m    3.27 kB[22m[22m[2m │ gzip:   0.71 kB[22m
[35mn8n-editor-ui:build: [0m[2mdist/[22m[2massets/[22m[35mDataTableView-ByKnlVtU.css                              [39m[1m[2m    3.28 kB[22m[22m[2m │ gzip:   0.78 kB[22m
[35mn8n-editor-ui:build: [0m[2mdist/[22m[2massets/[22m[35mTemplatesWorkflowView-CBjRBbmw.css                      [39m[1m[2m    3.29 kB[22m[22m[2m │ gzip:   0.74 kB[22m
[35mn8n-editor-ui:build: [0m[2mdist/[22m[2massets/[22m[35mRunDataSearch-BvNE3iVy.css                              [39m[1m[2m    3.29 kB[22m[22m[2m │ gzip:   0.72 kB[22m
[35mn8n-editor-ui:build: [0m[2mdist/[22m[2massets/[22m[35mWorkflowExecutionsInfoAccordion-CEOvJ-SX.css            [39m[1m[2m    3.32 kB[22m[22m[2m │ gzip:   0.74 kB[22m
[35mn8n-editor-ui:build: [0m[2mdist/[22m[2massets/[22m[35mMainSidebarUserArea-yJKeCkOz.css                        [39m[1m[2m    3.33 kB[22m[22m[2m │ gzip:   0.70 kB[22m
[35mn8n-editor-ui:build: [0m[2mdist/[22m[2massets/[22m[35mInsightsTableWorkflows-D20Yb7ZW.css                     [39m[1m[2m    3.35 kB[22m[22m[2m │ gzip:   0.77 kB[22m
[35mn8n-editor-ui:build: [0m[2mdist/[22m[2massets/[22m[35mProviderSettingsModal-CZ44KI4I.css                      [39m[1m[2m    3.37 kB[22m[22m[2m │ gzip:   0.68 kB[22m
[35mn8n-editor-ui:build: [0m[2mdist/[22m[2massets/[22m[35museTelemetryContext-BpnKRIT7.css                        [39m[1m[2m    3.38 kB[22m[22m[2m │ gzip:   0.74 kB[22m
[35mn8n-editor-ui:build: [0m[2mdist/[22m[2massets/[22m[35mPrebuiltAgentTemplatesView-jF7HvWnL.css                 [39m[1m[2m    3.40 kB[22m[22m[2m │ gzip:   0.75 kB[22m
[35mn8n-editor-ui:build: [0m[2mdist/[22m[2massets/[22m[35mProjectCardBadge-XPHWNQHG.css                           [39m[1m[2m    3.41 kB[22m[22m[2m │ gzip:   0.76 kB[22m
[35mn8n-editor-ui:build: [0m[2mdist/[22m[2massets/[22m[35mProjectIcon-DT95ZcDW.css                                [39m[1m[2m    3.50 kB[22m[22m[2m │ gzip:   0.72 kB[22m
[35mn8n-editor-ui:build: [0m[2mdist/[22m[2massets/[22m[35mSettingsPersonalView-DEpYU3TT.css                       [39m[1m[2m    3.50 kB[22m[22m[2m │ gzip:   0.82 kB[22m
[35mn8n-editor-ui:build: [0m[2mdist/[22m[2massets/[22m[35mToolsSelectorModal-B2z9ibQ0.css                         [39m[1m[2m    3.63 kB[22m[22m[2m │ gzip:   0.73 kB[22m
[35mn8n-editor-ui:build: [0m[2mdist/[22m[2massets/[22m[35mChatFile-DMzpEB1j.css                                   [39m[1m[2m    3.63 kB[22m[22m[2m │ gzip:   0.85 kB[22m
[35mn8n-editor-ui:build: [0m[2mdist/[22m[2massets/[22m[35mCopyInput-BiDmlr9B.css                                  [39m[1m[2m    3.84 kB[22m[22m[2m │ gzip:   0.90 kB[22m
[35mn8n-editor-ui:build: [0m[2mdist/[22m[2massets/[22m[35mRunDataParsedAiContent-CvjNCtpG.css                     [39m[1m[2m    3.95 kB[22m[22m[2m │ gzip:   0.75 kB[22m
[35mn8n-editor-ui:build: [0m[2mdist/[22m[2massets/[22m[35mevaluation-CGxdCHrN.css                                 [39m[1m[2m    4.12 kB[22m[22m[2m │ gzip:   0.92 kB[22m
[35mn8n-editor-ui:build: [0m[2mdist/[22m[2massets/[22m[35mSettingsSourceControl-DEs9MNB6.css                      [39m[1m[2m    4.19 kB[22m[22m[2m │ gzip:   0.92 kB[22m
[35mn8n-editor-ui:build: [0m[2mdist/[22m[2massets/[22m[35mOAuthConsentView-CXZbBKS5.css                           [39m[1m[2m    4.44 kB[22m[22m[2m │ gzip:   0.95 kB[22m
[35mn8n-editor-ui:build: [0m[2mdist/[22m[2massets/[22m[35mTagsDropdown-Do1UB2LF.css                               [39m[1m[2m    4.95 kB[22m[22m[2m │ gzip:   1.12 kB[22m
[35mn8n-editor-ui:build: [0m[2mdist/[22m[2massets/[22m[35mFixedCollectionParameter-C8GtrvlD.css                   [39m[1m[2m    5.10 kB[22m[22m[2m │ gzip:   0.96 kB[22m
[35mn8n-editor-ui:build: [0m[2mdist/[22m[2massets/[22m[35mInsightsDashboard-CttFeZVb.css                          [39m[1m[2m    5.35 kB[22m[22m[2m │ gzip:   1.39 kB[22m
[35mn8n-editor-ui:build: [0m[2mdist/[22m[2massets/[22m[35mTemplateDetails-DfyKyMyy.css                            [39m[1m[2m    5.40 kB[22m[22m[2m │ gzip:   0.65 kB[22m
[35mn8n-editor-ui:build: [0m[2mdist/[22m[2massets/[22m[35mbanners-UK5wWFEI.css                                    [39m[1m[2m    5.44 kB[22m[22m[2m │ gzip:   0.67 kB[22m
[35mn8n-editor-ui:build: [0m[2mdist/[22m[2massets/[22m[35mCommunityNodeUpdateInfo-kPDiipF5.css                    [39m[1m[2m    5.52 kB[22m[22m[2m │ gzip:   0.69 kB[22m
[35mn8n-editor-ui:build: [0m[2mdist/[22m[2massets/[22m[35mSettingsChatHubView-zBt63VWY.css                        [39m[1m[2m    5.72 kB[22m[22m[2m │ gzip:   0.75 kB[22m
[35mn8n-editor-ui:build: [0m[2mdist/[22m[2massets/[22m[35mAuthView-Dg9ZkCud.css                                   [39m[1m[2m    5.80 kB[22m[22m[2m │ gzip:   0.80 kB[22m
[35mn8n-editor-ui:build: [0m[2mdist/[22m[2massets/[22m[35mModal-DNkRJkUt.css                                      [39m[1m[2m    5.90 kB[22m[22m[2m │ gzip:   0.81 kB[22m
[35mn8n-editor-ui:build: [0m[2mdist/[22m[2massets/[22m[35mTemplatesView-iSPzXjQB.css                              [39m[1m[2m    5.92 kB[22m[22m[2m │ gzip:   0.82 kB[22m
[35mn8n-editor-ui:build: [0m[2mdist/[22m[2massets/[22m[35mSettingsView-6sirGv9l.css                               [39m[1m[2m    6.01 kB[22m[22m[2m │ gzip:   0.85 kB[22m
[35mn8n-editor-ui:build: [0m[2mdist/[22m[2massets/[22m[35mSettingsLogStreamingView-xo-rTSA0.css                   [39m[1m[2m    6.02 kB[22m[22m[2m │ gzip:   0.91 kB[22m
[35mn8n-editor-ui:build: [0m[2mdist/[22m[2massets/[22m[35mCredentialsView-BDOl2A0w.css                            [39m[1m[2m    6.03 kB[22m[22m[2m │ gzip:   0.90 kB[22m
[35mn8n-editor-ui:build: [0m[2mdist/[22m[2massets/[22m[35museCustomAgent-tUoLIUar.css                             [39m[1m[2m    6.12 kB[22m[22m[2m │ gzip:   0.92 kB[22m
[35mn8n-editor-ui:build: [0m[2mdist/[22m[2massets/[22m[35mInsightsSummary-CnaRV949.css                            [39m[1m[2m    6.17 kB[22m[22m[2m │ gzip:   1.35 kB[22m
[35mn8n-editor-ui:build: [0m[2mdist/[22m[2massets/[22m[35mProjectSharing-DsD3YT5P.css                             [39m[1m[2m    6.18 kB[22m[22m[2m │ gzip:   0.86 kB[22m
[35mn8n-editor-ui:build: [0m[2mdist/[22m[2massets/[22m[35mCredentialPicker-CWT-qPMn.css                           [39m[1m[2m    6.25 kB[22m[22m[2m │ gzip:   0.96 kB[22m
[35mn8n-editor-ui:build: [0m[2mdist/[22m[2massets/[22m[35mAddDataTableModal-CZuODwEx.css                          [39m[1m[2m    6.36 kB[22m[22m[2m │ gzip:   1.30 kB[22m
[35mn8n-editor-ui:build: [0m[2mdist/[22m[2massets/[22m[35mProjectHeader-DMoL829v.css                              [39m[1m[2m    6.43 kB[22m[22m[2m │ gzip:   1.00 kB[22m
[35mn8n-editor-ui:build: [0m[2mdist/[22m[2massets/[22m[35mSettingsCommunityNodesView-m7kLUpJK.css                 [39m[1m[2m    6.49 kB[22m[22m[2m │ gzip:   0.98 kB[22m
[35mn8n-editor-ui:build: [0m[2mdist/[22m[2massets/[22m[35mSettingsApiView-Dtl_N9mK.css                            [39m[1m[2m    6.64 kB[22m[22m[2m │ gzip:   1.05 kB[22m
[35mn8n-editor-ui:build: [0m[2mdist/[22m[2massets/[22m[35mChatAgentsView-bU9DF47q.css                             [39m[1m[2m    7.11 kB[22m[22m[2m │ gzip:   1.15 kB[22m
[35mn8n-editor-ui:build: [0m[2mdist/[22m[2massets/[22m[35mRunDataJson-LufoUTRy.css                                [39m[1m[2m    7.26 kB[22m[22m[2m │ gzip:   1.10 kB[22m
[35mn8n-editor-ui:build: [0m[2mdist/[22m[2massets/[22m[35mAlert-BA2uuWjw.css                                      [39m[1m[2m    7.28 kB[22m[22m[2m │ gzip:   1.11 kB[22m
[35mn8n-editor-ui:build: [0m[2mdist/[22m[2massets/[22m[35mRunDataTable-HBCyaP8o.css                               [39m[1m[2m    7.72 kB[22m[22m[2m │ gzip:   1.68 kB[22m
[35mn8n-editor-ui:build: [0m[2mdist/[22m[2massets/[22m[35mWorkflowActivator-DSgMORP6.css                          [39m[1m[2m    8.03 kB[22m[22m[2m │ gzip:   0.78 kB[22m
[35mn8n-editor-ui:build: [0m[2mdist/[22m[2massets/[22m[35mSetupTemplateFormStep-n3VY06cx.css                      [39m[1m[2m    8.25 kB[22m[22m[2m │ gzip:   0.83 kB[22m
[35mn8n-editor-ui:build: [0m[2mdist/[22m[2massets/[22m[35mNodeDetailsViewV2-CgELKnqG.css                          [39m[1m[2m    8.30 kB[22m[22m[2m │ gzip:   1.47 kB[22m
[35mn8n-editor-ui:build: [0m[2mdist/[22m[2massets/[22m[35mTestRunDetailView-CVGty0j0.css                          [39m[1m[2m    8.39 kB[22m[22m[2m │ gzip:   1.49 kB[22m
[35mn8n-editor-ui:build: [0m[2mdist/[22m[2massets/[22m[35mProjectVariables-CVX3Lygi.css                           [39m[1m[2m    8.87 kB[22m[22m[2m │ gzip:   1.06 kB[22m
[35mn8n-editor-ui:build: [0m[2mdist/[22m[2massets/[22m[35mSettingsUsersView-CfJcVjkl.css                          [39m[1m[2m    9.32 kB[22m[22m[2m │ gzip:   1.15 kB[22m
[35mn8n-editor-ui:build: [0m[2mdist/[22m[2massets/[22m[35mProjectSettings-vir6puPd.css                            [39m[1m[2m    9.72 kB[22m[22m[2m │ gzip:   1.17 kB[22m
[35mn8n-editor-ui:build: [0m[2mdist/[22m[2massets/[22m[35mSettingsUsageAndPlan-CX3b3V8W.css                       [39m[1m[2m    9.83 kB[22m[22m[2m │ gzip:   1.22 kB[22m
[35mn8n-editor-ui:build: [0m[2mdist/[22m[2massets/[22m[35mExecutionsTime-BpajgDjV.css                             [39m[1m[2m    9.95 kB[22m[22m[2m │ gzip:   1.25 kB[22m
[35mn8n-editor-ui:build: [0m[2mdist/[22m[2massets/[22m[35mTemplateList-CNUtq0N7.css                               [39m[1m[2m   10.03 kB[22m[22m[2m │ gzip:   1.21 kB[22m
[35mn8n-editor-ui:build: [0m[2mdist/[22m[2massets/[22m[35mVirtualSchema-Bc7tO5Io.css                              [39m[1m[2m   10.14 kB[22m[22m[2m │ gzip:   2.23 kB[22m
[35mn8n-editor-ui:build: [0m[2mdist/[22m[2massets/[22m[35mResourcesListLayout-DLAMdJD5.css                        [39m[1m[2m   10.30 kB[22m[22m[2m │ gzip:   1.32 kB[22m
[35mn8n-editor-ui:build: [0m[2mdist/[22m[2massets/[22m[35mExecutionsView-DP5OXlS4.css                             [39m[1m[2m   11.05 kB[22m[22m[2m │ gzip:   1.05 kB[22m
[35mn8n-editor-ui:build: [0m[2mdist/[22m[2massets/[22m[35mSettingsSso-DPkEVc10.css                                [39m[1m[2m   11.98 kB[22m[22m[2m │ gzip:   1.16 kB[22m
[35mn8n-editor-ui:build: [0m[2mdist/[22m[2massets/[22m[35mEvaluationsView-CmcDUAS_.css                            [39m[1m[2m   12.06 kB[22m[22m[2m │ gzip:   1.28 kB[22m
[35mn8n-editor-ui:build: [0m[2mdist/[22m[2massets/[22m[35mEvaluationsRootView-D22182Fd.css                        [39m[1m[2m   12.34 kB[22m[22m[2m │ gzip:   1.30 kB[22m
[35mn8n-editor-ui:build: [0m[2mdist/[22m[2massets/[22m[35museLogsTreeExpand-nZMKe2ps.css                          [39m[1m[2m   12.61 kB[22m[22m[2m │ gzip:   1.84 kB[22m
[35mn8n-editor-ui:build: [0m[2mdist/[22m[2massets/[22m[35mChatSidebar-BPkGO95M.css                                [39m[1m[2m   13.19 kB[22m[22m[2m │ gzip:   1.51 kB[22m
[35mn8n-editor-ui:build: [0m[2mdist/[22m[2massets/[22m[35mNodeDetailsView-Dy4A-9xj.css                            [39m[1m[2m   13.82 kB[22m[22m[2m │ gzip:   1.64 kB[22m
[35mn8n-editor-ui:build: [0m[2mdist/[22m[2massets/[22m[35mWorkflowExecutionsPreview-BkXT82z5.css                  [39m[1m[2m   15.45 kB[22m[22m[2m │ gzip:   1.94 kB[22m
[35mn8n-editor-ui:build: [0m[2mdist/[22m[2massets/[22m[35mWorkflowHistory-BP01mjWh.css                            [39m[1m[2m   15.72 kB[22m[22m[2m │ gzip:   1.77 kB[22m
[35mn8n-editor-ui:build: [0m[2mdist/[22m[2massets/[22m[35mWorkflowExecutionsView-J4lWGYW8.css                     [39m[1m[2m   16.60 kB[22m[22m[2m │ gzip:   1.85 kB[22m
[35mn8n-editor-ui:build: [0m[2mdist/[22m[2massets/[22m[35mNodeView-AuBajxDh.css                                   [39m[1m[2m   18.81 kB[22m[22m[2m │ gzip:   2.09 kB[22m
[35mn8n-editor-ui:build: [0m[2mdist/[22m[2massets/[22m[35mTemplatesSearchView-BfT0LMil.css                        [39m[1m[2m   19.49 kB[22m[22m[2m │ gzip:   1.94 kB[22m
[35mn8n-editor-ui:build: [0m[2mdist/[22m[2massets/[22m[35mWorkerView-dRylOW7G.css                                 [39m[1m[2m   22.85 kB[22m[22m[2m │ gzip:   1.49 kB[22m
[35mn8n-editor-ui:build: [0m[2mdist/[22m[2massets/[22m[35mTriggerPanel-BjsM2DGf.css                               [39m[1m[2m   25.58 kB[22m[22m[2m │ gzip:   2.65 kB[22m
[35mn8n-editor-ui:build: [0m[2mdist/[22m[2massets/[22m[35mMainSidebar-DhAALRkL.css                                [39m[1m[2m   25.98 kB[22m[22m[2m │ gzip:   2.18 kB[22m
[35mn8n-editor-ui:build: [0m[2mdist/[22m[2massets/[22m[35mMainHeader-CO7pv3ZB.css                                 [39m[1m[2m   28.34 kB[22m[22m[2m │ gzip:   2.21 kB[22m
[35mn8n-editor-ui:build: [0m[2mdist/[22m[2massets/[22m[35mDataTableDetailsView-CV4twGRm.css                       [39m[1m[2m   30.20 kB[22m[22m[2m │ gzip:   2.76 kB[22m
[35mn8n-editor-ui:build: [0m[2mdist/[22m[2massets/[22m[35mSettingsMCPView-Ty4-1zPh.css                            [39m[1m[2m   31.11 kB[22m[22m[2m │ gzip:   2.13 kB[22m
[35mn8n-editor-ui:build: [0m[2mdist/[22m[2massets/[22m[35mChatView-mTIZIDr3.css                                   [39m[1m[2m   31.83 kB[22m[22m[2m │ gzip:   3.39 kB[22m
[35mn8n-editor-ui:build: [0m[2mdist/[22m[2massets/[22m[35mNodeCreator-JpUhf2LN.css                                [39m[1m[2m   36.26 kB[22m[22m[2m │ gzip:   3.17 kB[22m
[35mn8n-editor-ui:build: [0m[2mdist/[22m[2massets/[22m[35mItemsRenderer-Cr6c6uYy.css                              [39m[1m[2m   39.12 kB[22m[22m[2m │ gzip:   2.46 kB[22m
[35mn8n-editor-ui:build: [0m[2mdist/[22m[2massets/[22m[35mNodeSettings-BZYlEBNh.css                               [39m[1m[2m   40.04 kB[22m[22m[2m │ gzip:   3.70 kB[22m
[35mn8n-editor-ui:build: [0m[2mdist/[22m[2massets/[22m[35mWorkflowsView-DPlkmn0n.css                              [39m[1m[2m   41.06 kB[22m[22m[2m │ gzip:   3.18 kB[22m
[35mn8n-editor-ui:build: [0m[2mdist/[22m[2massets/[22m[35misEmpty-D6YHuGco.css                                    [39m[1m[2m   48.42 kB[22m[22m[2m │ gzip:   4.11 kB[22m
[35mn8n-editor-ui:build: [0m[2mdist/[22m[2massets/[22m[35mLogsPanel-xSodDRmo.css                                  [39m[1m[2m   74.30 kB[22m[22m[2m │ gzip:   5.55 kB[22m
[35mn8n-editor-ui:build: [0m[2mdist/[22m[2massets/[22m[35museCanvasMapping-BPBo6YWZ.css                           [39m[1m[2m  110.45 kB[22m[22m[2m │ gzip:   7.15 kB[22m
[35mn8n-editor-ui:build: [0m[2mdist/[22m[2massets/[22m[35mParameterInputList-v1-kZllt.css                         [39m[1m[2m  179.48 kB[22m[22m[2m │ gzip:  11.96 kB[22m
[35mn8n-editor-ui:build: [0m[2mdist/[22m[2massets/[22m[35msrc-CWZCCbNy.css                                        [39m[1m[2m  399.79 kB[22m[22m[2m │ gzip:  27.06 kB[22m
[35mn8n-editor-ui:build: [0m[2mdist/[22m[2massets/[22m[35mindex-CXD_1bEI.css                                      [39m[1m[2m  688.51 kB[22m[22m[2m │ gzip:  66.51 kB[22m
[35mn8n-editor-ui:build: [0m[2mdist/[22m[2massets/[22m[36men-BD3FHSTF.js                                          [39m[1m[2m    0.08 kB[22m[22m[2m │ gzip:   0.08 kB[22m
[35mn8n-editor-ui:build: [0m[2mdist/[22m[2massets/[22m[36msourceControl.eventBus-DJyE7pe6.js                      [39m[1m[2m    0.14 kB[22m[22m[2m │ gzip:   0.12 kB[22m
[35mn8n-editor-ui:build: [0m[2mdist/[22m[2massets/[22m[36mcore-CzZYaspN.js                                        [39m[1m[2m    0.20 kB[22m[22m[2m │ gzip:   0.16 kB[22m
[35mn8n-editor-ui:build: [0m[2mdist/[22m[2massets/[22m[36m_plugin-vue_export-helper-BwBpWJRZ.js                   [39m[1m[2m    0.22 kB[22m[22m[2m │ gzip:   0.16 kB[22m
[35mn8n-editor-ui:build: [0m[2mdist/[22m[2massets/[22m[36msmartDecimal-CqRqkMOJ.js                                [39m[1m[2m    0.23 kB[22m[22m[2m │ gzip:   0.17 kB[22m
[35mn8n-editor-ui:build: [0m[2mdist/[22m[2massets/[22m[36mauth.eventBus-9OaqqWSk.js                               [39m[1m[2m    0.27 kB[22m[22m[2m │ gzip:   0.15 kB[22m
[35mn8n-editor-ui:build: [0m[2mdist/[22m[2massets/[22m[36msortByProperty-BZ0Nwmpj.js                              [39m[1m[2m    0.28 kB[22m[22m[2m │ gzip:   0.20 kB[22m
[35mn8n-editor-ui:build: [0m[2mdist/[22m[2massets/[22m[36mRunDataHtml-DhjduYN-.js                                 [39m[1m[2m    0.31 kB[22m[22m[2m │ gzip:   0.21 kB[22m
[35mn8n-editor-ui:build: [0m[2mdist/[22m[2massets/[22m[36mmcp.constants-svQUbNx5.js                               [39m[1m[2m    0.48 kB[22m[22m[2m │ gzip:   0.27 kB[22m
[35mn8n-editor-ui:build: [0m[2mdist/[22m[2massets/[22m[36muniqBy-DeRCZCwE.js                                      [39m[1m[2m    0.49 kB[22m[22m[2m │ gzip:   0.29 kB[22m
[35mn8n-editor-ui:build: [0m[2mdist/[22m[2massets/[22m[36mfileUtils-Dcj0vymk.js                                   [39m[1m[2m    0.60 kB[22m[22m[2m │ gzip:   0.35 kB[22m
[35mn8n-editor-ui:build: [0m[2mdist/[22m[2massets/[22m[36mretry-CMAFrhVi.js                                       [39m[1m[2m    0.68 kB[22m[22m[2m │ gzip:   0.35 kB[22m
[35mn8n-editor-ui:build: [0m[2mdist/[22m[2massets/[22m[36morderBy-Y1kr4nWL.js                                     [39m[1m[2m    0.73 kB[22m[22m[2m │ gzip:   0.36 kB[22m
[35mn8n-editor-ui:build: [0m[2mdist/[22m[2massets/[22m[36museIntersectionObserver-DX3d3xXy.js                     [39m[1m[2m    0.77 kB[22m[22m[2m │ gzip:   0.36 kB[22m
[35mn8n-editor-ui:build: [0m[2mdist/[22m[2massets/[22m[36mutils-Wxp8nRVA.js                                       [39m[1m[2m    0.83 kB[22m[22m[2m │ gzip:   0.46 kB[22m
[35mn8n-editor-ui:build: [0m[2mdist/[22m[2massets/[22m[36mpickBy-CAfz1lCX.js                                      [39m[1m[2m    0.84 kB[22m[22m[2m │ gzip:   0.40 kB[22m
[35mn8n-editor-ui:build: [0m[2mdist/[22m[2massets/[22m[36mVueMarkdown-Di7AlnAE.js                                 [39m[1m[2m    0.85 kB[22m[22m[2m │ gzip:   0.45 kB[22m
[35mn8n-editor-ui:build: [0m[2mdist/[22m[2massets/[22m[36mEnterpriseEdition.ee-DVFsWVpx.js                        [39m[1m[2m    0.86 kB[22m[22m[2m │ gzip:   0.47 kB[22m
[35mn8n-editor-ui:build: [0m[2mdist/[22m[2massets/[22m[36museEnvFeatureFlag-Bg4_-0IQ.js                           [39m[1m[2m    0.88 kB[22m[22m[2m │ gzip:   0.45 kB[22m
[35mn8n-editor-ui:build: [0m[2mdist/[22m[2massets/[22m[36museExecutionData-B3N29Q7H.js                            [39m[1m[2m    0.89 kB[22m[22m[2m │ gzip:   0.39 kB[22m
[35mn8n-editor-ui:build: [0m[2mdist/[22m[2massets/[22m[36mWorkflowActivationErrorMessage-C2XRqlxO.js              [39m[1m[2m    0.89 kB[22m[22m[2m │ gzip:   0.48 kB[22m
[35mn8n-editor-ui:build: [0m[2mdist/[22m[2massets/[22m[36mRunDataParsedAiContent-DeFYOHmB.js                      [39m[1m[2m    0.93 kB[22m[22m[2m │ gzip:   0.47 kB[22m
[35mn8n-editor-ui:build: [0m[2mdist/[22m[2massets/[22m[36mPageViewLayout-DG5PSszr.js                              [39m[1m[2m    0.95 kB[22m[22m[2m │ gzip:   0.46 kB[22m
[35mn8n-editor-ui:build: [0m[2mdist/[22m[2massets/[22m[36museMcp-DoNnhzt1.js                                      [39m[1m[2m    1.07 kB[22m[22m[2m │ gzip:   0.49 kB[22m
[35mn8n-editor-ui:build: [0m[2mdist/[22m[2massets/[22m[36mSignoutView-Bv0thPh4.js                                 [39m[1m[2m    1.18 kB[22m[22m[2m │ gzip:   0.63 kB[22m
[35mn8n-editor-ui:build: [0m[2mdist/[22m[2massets/[22m[36muserRoleProvisioning.store-xvjSflnm.js                  [39m[1m[2m    1.26 kB[22m[22m[2m │ gzip:   0.46 kB[22m
[35mn8n-editor-ui:build: [0m[2mdist/[22m[2massets/[22m[36mconstants-vc-X_ct8.js                                   [39m[1m[2m    1.35 kB[22m[22m[2m │ gzip:   0.59 kB[22m
[35mn8n-editor-ui:build: [0m[2mdist/[22m[2massets/[22m[36museBeforeUnload-DENh8knN.js                             [39m[1m[2m    1.35 kB[22m[22m[2m │ gzip:   0.59 kB[22m
[35mn8n-editor-ui:build: [0m[2mdist/[22m[2massets/[22m[36mRunDataHtml-_b8v7-9v.js                                 [39m[1m[2m    1.43 kB[22m[22m[2m │ gzip:   0.68 kB[22m
[35mn8n-editor-ui:build: [0m[2mdist/[22m[2massets/[22m[36museChatHubSidebarState-iCKn97zJ.js                      [39m[1m[2m    1.46 kB[22m[22m[2m │ gzip:   0.64 kB[22m
[35mn8n-editor-ui:build: [0m[2mdist/[22m[2massets/[22m[36mEmptySharedSectionActionBox-B5VeMG_k.js                 [39m[1m[2m    1.49 kB[22m[22m[2m │ gzip:   0.75 kB[22m
[35mn8n-editor-ui:build: [0m[2mdist/[22m[2massets/[22m[36museClipboard-DT-yhWMI.js                                [39m[1m[2m    1.52 kB[22m[22m[2m │ gzip:   0.70 kB[22m
[35mn8n-editor-ui:build: [0m[2mdist/[22m[2massets/[22m[36museTelemetryContext-DipwLp3H.js                         [39m[1m[2m    1.60 kB[22m[22m[2m │ gzip:   0.72 kB[22m
[35mn8n-editor-ui:build: [0m[2mdist/[22m[2massets/[22m[36mVirtualSchema-DWEkCunS.js                               [39m[1m[2m    1.62 kB[22m[22m[2m │ gzip:   0.76 kB[22m
[35mn8n-editor-ui:build: [0m[2mdist/[22m[2massets/[22m[36mAnimatedSpinner-BKvs0-tV.js                             [39m[1m[2m    1.69 kB[22m[22m[2m │ gzip:   0.62 kB[22m
[35mn8n-editor-ui:build: [0m[2mdist/[22m[2massets/[22m[36mInsightsChartFailed-C0n8HhqI.js                         [39m[1m[2m    1.80 kB[22m[22m[2m │ gzip:   0.87 kB[22m
[35mn8n-editor-ui:build: [0m[2mdist/[22m[2massets/[22m[36mPushConnectionTracker-DQr2-tqa.js                       [39m[1m[2m    1.80 kB[22m[22m[2m │ gzip:   0.82 kB[22m
[35mn8n-editor-ui:build: [0m[2mdist/[22m[2massets/[22m[36mchunk-6z4oVpB-.js                                       [39m[1m[2m    1.87 kB[22m[22m[2m │ gzip:   0.83 kB[22m
[35mn8n-editor-ui:build: [0m[2mdist/[22m[2massets/[22m[36mKeyboardShortcutTooltip-D1Sqe1Aa.js                     [39m[1m[2m    1.92 kB[22m[22m[2m │ gzip:   0.78 kB[22m
[35mn8n-editor-ui:build: [0m[2mdist/[22m[2massets/[22m[36mapiKeys.store-DWqdaIk1.js                               [39m[1m[2m    1.94 kB[22m[22m[2m │ gzip:   0.69 kB[22m
[35mn8n-editor-ui:build: [0m[2mdist/[22m[2massets/[22m[36mInsightsChartTotal-D6a7nNP7.js                          [39m[1m[2m    1.96 kB[22m[22m[2m │ gzip:   0.89 kB[22m
[35mn8n-editor-ui:build: [0m[2mdist/[22m[2massets/[22m[36mdateFormatter-CRIz8_PI.js                               [39m[1m[2m    1.98 kB[22m[22m[2m │ gzip:   0.68 kB[22m
[35mn8n-editor-ui:build: [0m[2mdist/[22m[2massets/[22m[36minsights.constants-B7y0cvTb.js                          [39m[1m[2m    2.00 kB[22m[22m[2m │ gzip:   0.72 kB[22m
[35mn8n-editor-ui:build: [0m[2mdist/[22m[2massets/[22m[36mSeverityTag-c3E8xuGN.js                                 [39m[1m[2m    2.06 kB[22m[22m[2m │ gzip:   0.88 kB[22m
[35mn8n-editor-ui:build: [0m[2mdist/[22m[2massets/[22m[36mInsightsChartFailureRate-B01os7Dl.js                    [39m[1m[2m    2.07 kB[22m[22m[2m │ gzip:   0.96 kB[22m
[35mn8n-editor-ui:build: [0m[2mdist/[22m[2massets/[22m[36mWorkflowTagsDropdown-BbfDMJ1j.js                        [39m[1m[2m    2.10 kB[22m[22m[2m │ gzip:   0.86 kB[22m
[35mn8n-editor-ui:build: [0m[2mdist/[22m[2massets/[22m[36mpreload-helper-CR0ecmWK.js                              [39m[1m[2m    2.13 kB[22m[22m[2m │ gzip:   1.00 kB[22m
[35mn8n-editor-ui:build: [0m[2mdist/[22m[2massets/[22m[36mtemplateTransforms-DSPwtOuo.js                          [39m[1m[2m    2.15 kB[22m[22m[2m │ gzip:   0.64 kB[22m
[35mn8n-editor-ui:build: [0m[2mdist/[22m[2massets/[22m[36mAnnotationTagsDropdown.ee-BXCKAWCQ.js                   [39m[1m[2m    2.16 kB[22m[22m[2m │ gzip:   0.88 kB[22m
[35mn8n-editor-ui:build: [0m[2mdist/[22m[2massets/[22m[36mLogsPanel-BXAFA2Zy.js                                   [39m[1m[2m    2.19 kB[22m[22m[2m │ gzip:   0.98 kB[22m
[35mn8n-editor-ui:build: [0m[2mdist/[22m[2massets/[22m[36mCollectionParameter-UzU8Q4xN.js                         [39m[1m[2m    2.22 kB[22m[22m[2m │ gzip:   1.00 kB[22m
[35mn8n-editor-ui:build: [0m[2mdist/[22m[2massets/[22m[36mInsightsChartAverageRuntime-BKB92qeL.js                 [39m[1m[2m    2.28 kB[22m[22m[2m │ gzip:   1.05 kB[22m
[35mn8n-editor-ui:build: [0m[2mdist/[22m[2massets/[22m[36musePageRedirectionHelper-9zoYs-33.js                    [39m[1m[2m    2.29 kB[22m[22m[2m │ gzip:   0.79 kB[22m
[35mn8n-editor-ui:build: [0m[2mdist/[22m[2massets/[22m[36mInsightsChartTimeSaved-45kQfl-C.js                      [39m[1m[2m    2.37 kB[22m[22m[2m │ gzip:   1.10 kB[22m
[35mn8n-editor-ui:build: [0m[2mdist/[22m[2massets/[22m[36mroles.store-8xM8UyMN.js                                 [39m[1m[2m    2.37 kB[22m[22m[2m │ gzip:   0.80 kB[22m
[35mn8n-editor-ui:build: [0m[2mdist/[22m[2massets/[22m[36mWorkflowOnboardingView-DPWXOEtP.js                      [39m[1m[2m    2.44 kB[22m[22m[2m │ gzip:   0.97 kB[22m
[35mn8n-editor-ui:build: [0m[2mdist/[22m[2massets/[22m[36mnodeTransforms-B2zRawan.js                              [39m[1m[2m    2.46 kB[22m[22m[2m │ gzip:   0.79 kB[22m
[35mn8n-editor-ui:build: [0m[2mdist/[22m[2massets/[22m[36mProjectIcon-BDsUbgZh.js                                 [39m[1m[2m    2.49 kB[22m[22m[2m │ gzip:   1.01 kB[22m
[35mn8n-editor-ui:build: [0m[2mdist/[22m[2massets/[22m[36mSamlOnboarding-BZJAHJ0t.js                              [39m[1m[2m    2.55 kB[22m[22m[2m │ gzip:   1.12 kB[22m
[35mn8n-editor-ui:build: [0m[2mdist/[22m[2massets/[22m[36mSelectedItemsInfo-DrFI_lX_.js                           [39m[1m[2m    2.56 kB[22m[22m[2m │ gzip:   0.94 kB[22m
[35mn8n-editor-ui:build: [0m[2mdist/[22m[2massets/[22m[36mDemoFooter-VcRQius9.js                                  [39m[1m[2m    2.75 kB[22m[22m[2m │ gzip:   1.27 kB[22m
[35mn8n-editor-ui:build: [0m[2mdist/[22m[2massets/[22m[36mInsightsPaywall-Clot3zai.js                             [39m[1m[2m    2.81 kB[22m[22m[2m │ gzip:   1.09 kB[22m
[35mn8n-editor-ui:build: [0m[2mdist/[22m[2massets/[22m[36museKeybindings-DjIxupc2.js                              [39m[1m[2m    2.84 kB[22m[22m[2m │ gzip:   1.15 kB[22m
[35mn8n-editor-ui:build: [0m[2mdist/[22m[2massets/[22m[36mErrorView-B1ssH57n.js                                   [39m[1m[2m    2.85 kB[22m[22m[2m │ gzip:   1.14 kB[22m
[35mn8n-editor-ui:build: [0m[2mdist/[22m[2massets/[22m[36mEntityUnAuthorised-CUIVwMxl.js                          [39m[1m[2m    2.95 kB[22m[22m[2m │ gzip:   1.24 kB[22m
[35mn8n-editor-ui:build: [0m[2mdist/[22m[2massets/[22m[36mTemplatesView-D2EfO6Sd.js                               [39m[1m[2m    2.98 kB[22m[22m[2m │ gzip:   0.99 kB[22m
[35mn8n-editor-ui:build: [0m[2mdist/[22m[2massets/[22m[36mChatAgentAvatar-CP6Bleue.js                             [39m[1m[2m    3.00 kB[22m[22m[2m │ gzip:   1.15 kB[22m
[35mn8n-editor-ui:build: [0m[2mdist/[22m[2massets/[22m[36mtemplateActions-BmA04d8k.js                             [39m[1m[2m    3.03 kB[22m[22m[2m │ gzip:   1.02 kB[22m
[35mn8n-editor-ui:build: [0m[2mdist/[22m[2massets/[22m[36mNodeIcon-DSaWMcPe.js                                    [39m[1m[2m    3.03 kB[22m[22m[2m │ gzip:   1.05 kB[22m
[35mn8n-editor-ui:build: [0m[2mdist/[22m[2massets/[22m[36mTextWithHighlights-C4QSPTGM.js                          [39m[1m[2m    3.03 kB[22m[22m[2m │ gzip:   1.11 kB[22m
[35mn8n-editor-ui:build: [0m[2mdist/[22m[2massets/[22m[36minsights.store-CHSH-FzZ.js                              [39m[1m[2m    3.03 kB[22m[22m[2m │ gzip:   0.91 kB[22m
[35mn8n-editor-ui:build: [0m[2mdist/[22m[2massets/[22m[36mCopyInput-WTGFiU9e.js                                   [39m[1m[2m    3.14 kB[22m[22m[2m │ gzip:   1.22 kB[22m
[35mn8n-editor-ui:build: [0m[2mdist/[22m[2massets/[22m[36mSetupWorkflowCredentialsButton-CcV7dsTW.js              [39m[1m[2m    3.14 kB[22m[22m[2m │ gzip:   1.28 kB[22m
[35mn8n-editor-ui:build: [0m[2mdist/[22m[2massets/[22m[36mEntityNotFound-CCyuqd8_.js                              [39m[1m[2m    3.16 kB[22m[22m[2m │ gzip:   1.15 kB[22m
[35mn8n-editor-ui:build: [0m[2mdist/[22m[2massets/[22m[36mSaveButton-BLTdC_Pa.js                                  [39m[1m[2m    3.20 kB[22m[22m[2m │ gzip:   1.13 kB[22m
[35mn8n-editor-ui:build: [0m[2mdist/[22m[2massets/[22m[36mCredentialIcon-BEcHDZ3w.js                              [39m[1m[2m    3.23 kB[22m[22m[2m │ gzip:   1.14 kB[22m
[35mn8n-editor-ui:build: [0m[2mdist/[22m[2massets/[22m[36museExecutionHelpers-DwIm2FE6.js                         [39m[1m[2m    3.24 kB[22m[22m[2m │ gzip:   1.08 kB[22m
[35mn8n-editor-ui:build: [0m[2mdist/[22m[2massets/[22m[36mForgotMyPasswordView-Bh1uqSAz.js                        [39m[1m[2m    3.39 kB[22m[22m[2m │ gzip:   1.38 kB[22m
[35mn8n-editor-ui:build: [0m[2mdist/[22m[2massets/[22m[36mSetupView-ho0c4g9h.js                                   [39m[1m[2m    3.40 kB[22m[22m[2m │ gzip:   1.30 kB[22m
[35mn8n-editor-ui:build: [0m[2mdist/[22m[2massets/[22m[36mDataTableActions-B7slgfxz.js                            [39m[1m[2m    3.58 kB[22m[22m[2m │ gzip:   1.23 kB[22m
[35mn8n-editor-ui:build: [0m[2mdist/[22m[2massets/[22m[36mProjectBreadcrumb-DTysasHD.js                           [39m[1m[2m    3.69 kB[22m[22m[2m │ gzip:   1.30 kB[22m
[35mn8n-editor-ui:build: [0m[2mdist/[22m[2massets/[22m[36mschemaPreview.store-CdS_Gioq.js                         [39m[1m[2m    3.76 kB[22m[22m[2m │ gzip:   1.45 kB[22m
[35mn8n-editor-ui:build: [0m[2mdist/[22m[2massets/[22m[36m_initCloneObject-DY-bGxEC.js                            [39m[1m[2m    3.77 kB[22m[22m[2m │ gzip:   1.17 kB[22m
[35mn8n-editor-ui:build: [0m[2mdist/[22m[2massets/[22m[36mmcp.store-CDNm-noq.js                                   [39m[1m[2m    3.79 kB[22m[22m[2m │ gzip:   1.14 kB[22m
[35mn8n-editor-ui:build: [0m[2mdist/[22m[2massets/[22m[36mFileSaver.min--9uV1QmK.js                               [39m[1m[2m    3.82 kB[22m[22m[2m │ gzip:   1.59 kB[22m
[35mn8n-editor-ui:build: [0m[2mdist/[22m[2massets/[22m[36mnpsSurvey.store-toAcQFZv.js                             [39m[1m[2m    3.88 kB[22m[22m[2m │ gzip:   1.10 kB[22m
[35mn8n-editor-ui:build: [0m[2mdist/[22m[2massets/[22m[36minsights.utils-CnIAVboZ.js                              [39m[1m[2m    4.12 kB[22m[22m[2m │ gzip:   1.30 kB[22m
[35mn8n-editor-ui:build: [0m[2mdist/[22m[2massets/[22m[36musage.store-CNQ78wCe.js                                 [39m[1m[2m    4.12 kB[22m[22m[2m │ gzip:   1.25 kB[22m
[35mn8n-editor-ui:build: [0m[2mdist/[22m[2massets/[22m[36mAlert-B1koGtBh.js                                       [39m[1m[2m    4.16 kB[22m[22m[2m │ gzip:   1.33 kB[22m
[35mn8n-editor-ui:build: [0m[2mdist/[22m[2massets/[22m[36mexternalSecrets.ee.store-BfUmtQMU.js                    [39m[1m[2m    4.24 kB[22m[22m[2m │ gzip:   1.28 kB[22m
[35mn8n-editor-ui:build: [0m[2mdist/[22m[2massets/[22m[36mnodeIcon-Bx_CG7Ap.js                                    [39m[1m[2m    4.24 kB[22m[22m[2m │ gzip:   1.28 kB[22m
[35mn8n-editor-ui:build: [0m[2mdist/[22m[2massets/[22m[36mchartjs.utils-C6VXwh6t.js                               [39m[1m[2m    4.29 kB[22m[22m[2m │ gzip:   1.06 kB[22m
[35mn8n-editor-ui:build: [0m[2mdist/[22m[2massets/[22m[36mTimeAgo-B0JdnQKm.js                                     [39m[1m[2m    4.30 kB[22m[22m[2m │ gzip:   1.64 kB[22m
[35mn8n-editor-ui:build: [0m[2mdist/[22m[2massets/[22m[36mcol-DfyVVv-R.js                                         [39m[1m[2m    4.36 kB[22m[22m[2m │ gzip:   1.36 kB[22m
[35mn8n-editor-ui:build: [0m[2mdist/[22m[2massets/[22m[36mchatPanel.store-DBYY1PVb.js                             [39m[1m[2m    4.39 kB[22m[22m[2m │ gzip:   1.30 kB[22m
[35mn8n-editor-ui:build: [0m[2mdist/[22m[2massets/[22m[36mSignupView-Cj1Tkxpq.js                                  [39m[1m[2m    4.41 kB[22m[22m[2m │ gzip:   1.61 kB[22m
[35mn8n-editor-ui:build: [0m[2mdist/[22m[2massets/[22m[36mDraggable-DNUvbCr4.js                                   [39m[1m[2m    4.53 kB[22m[22m[2m │ gzip:   1.51 kB[22m
[35mn8n-editor-ui:build: [0m[2mdist/[22m[2massets/[22m[36mAuthView-DsorE9kk.js                                    [39m[1m[2m    4.54 kB[22m[22m[2m │ gzip:   1.55 kB[22m
[35mn8n-editor-ui:build: [0m[2mdist/[22m[2massets/[22m[36mdist-5RxYoJY4.js                                        [39m[1m[2m    4.60 kB[22m[22m[2m │ gzip:   1.52 kB[22m
[35mn8n-editor-ui:build: [0m[2mdist/[22m[2massets/[22m[36museRecentResources-CeaIUEa7.js                          [39m[1m[2m    4.68 kB[22m[22m[2m │ gzip:   1.54 kB[22m
[35mn8n-editor-ui:build: [0m[2mdist/[22m[2massets/[22m[36mTemplateCard-DQv6F6FL.js                                [39m[1m[2m    4.79 kB[22m[22m[2m │ gzip:   1.80 kB[22m
[35mn8n-editor-ui:build: [0m[2mdist/[22m[2massets/[22m[36mChatFile-8ik4bOn3.js                                    [39m[1m[2m    4.84 kB[22m[22m[2m │ gzip:   1.48 kB[22m
[35mn8n-editor-ui:build: [0m[2mdist/[22m[2massets/[22m[36museExecutionDebugging-B9yU7eu6.js                       [39m[1m[2m    4.85 kB[22m[22m[2m │ gzip:   1.73 kB[22m
[35mn8n-editor-ui:build: [0m[2mdist/[22m[2massets/[22m[36mChangePasswordView-DV-hFeM8.js                          [39m[1m[2m    4.87 kB[22m[22m[2m │ gzip:   1.72 kB[22m
[35mn8n-editor-ui:build: [0m[2mdist/[22m[2massets/[22m[36men-b3uD8cvU.js                                          [39m[1m[2m    4.88 kB[22m[22m[2m │ gzip:   1.76 kB[22m
[35mn8n-editor-ui:build: [0m[2mdist/[22m[2massets/[22m[36mWorkflowExecutionsLandingPage-Bry8Ox7T.js               [39m[1m[2m    4.88 kB[22m[22m[2m │ gzip:   1.69 kB[22m
[35mn8n-editor-ui:build: [0m[2mdist/[22m[2massets/[22m[36mModelByIdSelectorModal-CmhKiNXH.js                      [39m[1m[2m    5.00 kB[22m[22m[2m │ gzip:   1.77 kB[22m
[35mn8n-editor-ui:build: [0m[2mdist/[22m[2massets/[22m[36mdateformat-hG8NERse.js                                  [39m[1m[2m    5.28 kB[22m[22m[2m │ gzip:   1.98 kB[22m
[35mn8n-editor-ui:build: [0m[2mdist/[22m[2massets/[22m[36museWorkflowsCache-CGuiF5y0.js                           [39m[1m[2m    5.30 kB[22m[22m[2m │ gzip:   1.44 kB[22m
[35mn8n-editor-ui:build: [0m[2mdist/[22m[2massets/[22m[36mMainSidebarUserArea-CvJLy6tQ.js                         [39m[1m[2m    5.50 kB[22m[22m[2m │ gzip:   1.76 kB[22m
[35mn8n-editor-ui:build: [0m[2mdist/[22m[2massets/[22m[36msso.store-CjoVXw5V.js                                   [39m[1m[2m    5.52 kB[22m[22m[2m │ gzip:   1.35 kB[22m
[35mn8n-editor-ui:build: [0m[2mdist/[22m[2massets/[22m[36mRunDataSearch-DNl7yC3L.js                               [39m[1m[2m    5.57 kB[22m[22m[2m │ gzip:   2.04 kB[22m
[35mn8n-editor-ui:build: [0m[2mdist/[22m[2massets/[22m[36museDebounce-3yno0oCl.js                                 [39m[1m[2m    5.60 kB[22m[22m[2m │ gzip:   1.76 kB[22m
[35mn8n-editor-ui:build: [0m[2mdist/[22m[2massets/[22m[36moverlay-ODJqhI2m.js                                     [39m[1m[2m    5.73 kB[22m[22m[2m │ gzip:   1.96 kB[22m
[35mn8n-editor-ui:build: [0m[2mdist/[22m[2massets/[22m[36mChatSidebarOpener-DDCrqoSh.js                           [39m[1m[2m    5.98 kB[22m[22m[2m │ gzip:   2.25 kB[22m
[35mn8n-editor-ui:build: [0m[2mdist/[22m[2massets/[22m[36mCredentialSelectorModal-D-T_HsrK.js                     [39m[1m[2m    6.29 kB[22m[22m[2m │ gzip:   1.94 kB[22m
[35mn8n-editor-ui:build: [0m[2mdist/[22m[2massets/[22m[36mTemplateDetails--QwN6Oy3.js                             [39m[1m[2m    6.58 kB[22m[22m[2m │ gzip:   1.82 kB[22m
[35mn8n-editor-ui:build: [0m[2mdist/[22m[2massets/[22m[36museWorkflowActivate-BgIR2Ctg.js                         [39m[1m[2m    6.70 kB[22m[22m[2m │ gzip:   1.72 kB[22m
[35mn8n-editor-ui:build: [0m[2mdist/[22m[2massets/[22m[36mcloudPlan.store-DeD8l3XH.js                             [39m[1m[2m    6.74 kB[22m[22m[2m │ gzip:   2.12 kB[22m
[35mn8n-editor-ui:build: [0m[2mdist/[22m[2massets/[22m[36mResourceFiltersDropdown-D2x4GF_a.js                     [39m[1m[2m    6.75 kB[22m[22m[2m │ gzip:   2.13 kB[22m
[35mn8n-editor-ui:build: [0m[2mdist/[22m[2massets/[22m[36mlogStreaming.store-6ddbEBJL.js                          [39m[1m[2m    6.75 kB[22m[22m[2m │ gzip:   1.74 kB[22m
[35mn8n-editor-ui:build: [0m[2mdist/[22m[2massets/[22m[36mModal-DFRVgA8G.js                                       [39m[1m[2m    7.02 kB[22m[22m[2m │ gzip:   2.24 kB[22m
[35mn8n-editor-ui:build: [0m[2mdist/[22m[2massets/[22m[36mWorkflowPreview-CCDjhkQu.js                             [39m[1m[2m    7.20 kB[22m[22m[2m │ gzip:   2.11 kB[22m
[35mn8n-editor-ui:build: [0m[2mdist/[22m[2massets/[22m[36mPrebuiltAgentTemplatesView-CQum8TSR.js                  [39m[1m[2m    7.20 kB[22m[22m[2m │ gzip:   1.87 kB[22m
[35mn8n-editor-ui:build: [0m[2mdist/[22m[2massets/[22m[36mexecutions.store-DGHb7Nfo.js                            [39m[1m[2m    7.26 kB[22m[22m[2m │ gzip:   1.87 kB[22m
[35mn8n-editor-ui:build: [0m[2mdist/[22m[2massets/[22m[36mbanners.store-Du0_HDQ0.js                               [39m[1m[2m    7.29 kB[22m[22m[2m │ gzip:   2.33 kB[22m
[35mn8n-editor-ui:build: [0m[2mdist/[22m[2massets/[22m[36mversions.store-CoNKnyAg.js                              [39m[1m[2m    7.53 kB[22m[22m[2m │ gzip:   2.27 kB[22m
[35mn8n-editor-ui:build: [0m[2mdist/[22m[2massets/[22m[36mTemplatesWorkflowView-CPeNFkP6.js                       [39m[1m[2m    7.58 kB[22m[22m[2m │ gzip:   2.40 kB[22m
[35mn8n-editor-ui:build: [0m[2mdist/[22m[2massets/[22m[36mRunDataParsedAiContent-lwPy4SmE.js                      [39m[1m[2m    7.81 kB[22m[22m[2m │ gzip:   2.55 kB[22m
[35mn8n-editor-ui:build: [0m[2mdist/[22m[2massets/[22m[36mTemplatesCollectionView-BffZLKGD.js                     [39m[1m[2m    7.98 kB[22m[22m[2m │ gzip:   2.52 kB[22m
[35mn8n-editor-ui:build: [0m[2mdist/[22m[2massets/[22m[36mTagsDropdown-BNEbWziY.js                                [39m[1m[2m    8.06 kB[22m[22m[2m │ gzip:   2.61 kB[22m
[35mn8n-editor-ui:build: [0m[2mdist/[22m[2massets/[22m[36musePinnedData-iZZaU5Bl.js                               [39m[1m[2m    8.07 kB[22m[22m[2m │ gzip:   2.38 kB[22m
[35mn8n-editor-ui:build: [0m[2mdist/[22m[2massets/[22m[36mfocusPanel.store-DsktryVJ.js                            [39m[1m[2m    8.40 kB[22m[22m[2m │ gzip:   2.81 kB[22m
[35mn8n-editor-ui:build: [0m[2mdist/[22m[2massets/[22m[36mfolders.store-1wJKkBRn.js                               [39m[1m[2m    8.41 kB[22m[22m[2m │ gzip:   2.29 kB[22m
[35mn8n-editor-ui:build: [0m[2mdist/[22m[2massets/[22m[36mWorkflowExecutionsInfoAccordion-CwhgzuJF.js             [39m[1m[2m    8.67 kB[22m[22m[2m │ gzip:   2.32 kB[22m
[35mn8n-editor-ui:build: [0m[2mdist/[22m[2massets/[22m[36mdataTable.store-oSuYT73d.js                             [39m[1m[2m    8.76 kB[22m[22m[2m │ gzip:   2.21 kB[22m
[35mn8n-editor-ui:build: [0m[2mdist/[22m[2massets/[22m[36mModalDrawer-BEDc8Xg5.js                                 [39m[1m[2m    8.88 kB[22m[22m[2m │ gzip:   2.90 kB[22m
[35mn8n-editor-ui:build: [0m[2mdist/[22m[2massets/[22m[36mRunDataJson-Do3Qesfq.js                                 [39m[1m[2m    9.00 kB[22m[22m[2m │ gzip:   2.91 kB[22m
[35mn8n-editor-ui:build: [0m[2mdist/[22m[2massets/[22m[36mProjectCardBadge-CbADkBoo.js                            [39m[1m[2m    9.06 kB[22m[22m[2m │ gzip:   2.30 kB[22m
[35mn8n-editor-ui:build: [0m[2mdist/[22m[2massets/[22m[36mradio-BnU3HW7W.js                                       [39m[1m[2m    9.43 kB[22m[22m[2m │ gzip:   2.52 kB[22m
[35mn8n-editor-ui:build: [0m[2mdist/[22m[2massets/[22m[36mSettingsView-B4fsDL_L.js                                [39m[1m[2m    9.55 kB[22m[22m[2m │ gzip:   2.64 kB[22m
[35mn8n-editor-ui:build: [0m[2mdist/[22m[2massets/[22m[36mInsightsTableWorkflows-CpXnxHO9.js                      [39m[1m[2m    9.73 kB[22m[22m[2m │ gzip:   3.00 kB[22m
[35mn8n-editor-ui:build: [0m[2mdist/[22m[2massets/[22m[36museActions-D8PjRlRi.js                                  [39m[1m[2m    9.91 kB[22m[22m[2m │ gzip:   2.91 kB[22m
[35mn8n-editor-ui:build: [0m[2mdist/[22m[2massets/[22m[36museWorkflowSaving-XGHxt1vf.js                           [39m[1m[2m    9.96 kB[22m[22m[2m │ gzip:   2.83 kB[22m
[35mn8n-editor-ui:build: [0m[2mdist/[22m[2massets/[22m[36mOAuthConsentView-D_DGc-SQ.js                            [39m[1m[2m    9.99 kB[22m[22m[2m │ gzip:   2.74 kB[22m
[35mn8n-editor-ui:build: [0m[2mdist/[22m[2massets/[22m[36mProjectRolesView-CJLUyQ-d.js                            [39m[1m[2m   10.16 kB[22m[22m[2m │ gzip:   3.08 kB[22m
[35mn8n-editor-ui:build: [0m[2mdist/[22m[2massets/[22m[36mpath-browserify-BgjP7RyT.js                             [39m[1m[2m   10.17 kB[22m[22m[2m │ gzip:   2.48 kB[22m
[35mn8n-editor-ui:build: [0m[2mdist/[22m[2massets/[22m[36mInsightsSummary-Bl-z-X1z.js                             [39m[1m[2m   10.59 kB[22m[22m[2m │ gzip:   3.11 kB[22m
[35mn8n-editor-ui:build: [0m[2mdist/[22m[2massets/[22m[36mNodeCreation-CirHKJaO.js                                [39m[1m[2m   11.20 kB[22m[22m[2m │ gzip:   3.53 kB[22m
[35mn8n-editor-ui:build: [0m[2mdist/[22m[2massets/[22m[36mSettingsExternalSecrets-C8_FfZyi.js                     [39m[1m[2m   11.25 kB[22m[22m[2m │ gzip:   3.15 kB[22m
[35mn8n-editor-ui:build: [0m[2mdist/[22m[2massets/[22m[36mevaluation.constants-B0PkD75t.js                        [39m[1m[2m   11.39 kB[22m[22m[2m │ gzip:   3.72 kB[22m
[35mn8n-editor-ui:build: [0m[2mdist/[22m[2massets/[22m[36mSetupTemplateFormStep-DbGIlZ_D.js                       [39m[1m[2m   11.54 kB[22m[22m[2m │ gzip:   3.19 kB[22m
[35mn8n-editor-ui:build: [0m[2mdist/[22m[2massets/[22m[36mProjectSharing-BGZ9ey-6.js                              [39m[1m[2m   11.83 kB[22m[22m[2m │ gzip:   3.17 kB[22m
[35mn8n-editor-ui:build: [0m[2mdist/[22m[2massets/[22m[36mCommunityNodeUpdateInfo-DWGaEwso.js                     [39m[1m[2m   11.83 kB[22m[22m[2m │ gzip:   3.26 kB[22m
[35mn8n-editor-ui:build: [0m[2mdist/[22m[2massets/[22m[36museBugReporting-DZ896Iym.js                             [39m[1m[2m   11.87 kB[22m[22m[2m │ gzip:   3.67 kB[22m
[35mn8n-editor-ui:build: [0m[2mdist/[22m[2massets/[22m[36mpersonalizedTemplatesV3.store-BpDMX0aZ.js               [39m[1m[2m   11.89 kB[22m[22m[2m │ gzip:   3.12 kB[22m
[35mn8n-editor-ui:build: [0m[2mdist/[22m[2massets/[22m[36mCredentialPicker-BzkdFePQ.js                            [39m[1m[2m   12.20 kB[22m[22m[2m │ gzip:   3.16 kB[22m
[35mn8n-editor-ui:build: [0m[2mdist/[22m[2massets/[22m[36mSetupWorkflowFromTemplateView-BUjlMGJm.js               [39m[1m[2m   12.26 kB[22m[22m[2m │ gzip:   3.48 kB[22m
[35mn8n-editor-ui:build: [0m[2mdist/[22m[2massets/[22m[36mSettingsChatHubView-BZQoNQ18.js                         [39m[1m[2m   12.29 kB[22m[22m[2m │ gzip:   3.43 kB[22m
[35mn8n-editor-ui:build: [0m[2mdist/[22m[2massets/[22m[36mDataTableView-DtTSn42W.js                               [39m[1m[2m   12.46 kB[22m[22m[2m │ gzip:   3.59 kB[22m
[35mn8n-editor-ui:build: [0m[2mdist/[22m[2massets/[22m[36mMigrationRuleDetail-Dxk5naWt.js                         [39m[1m[2m   12.56 kB[22m[22m[2m │ gzip:   3.74 kB[22m
[35mn8n-editor-ui:build: [0m[2mdist/[22m[2massets/[22m[36mTemplateList-BDeTUHfZ.js                                [39m[1m[2m   12.69 kB[22m[22m[2m │ gzip:   3.09 kB[22m
[35mn8n-editor-ui:build: [0m[2mdist/[22m[2massets/[22m[36mProviderSettingsModal-RAlPYMWN.js                       [39m[1m[2m   13.58 kB[22m[22m[2m │ gzip:   3.34 kB[22m
[35mn8n-editor-ui:build: [0m[2mdist/[22m[2massets/[22m[36mSigninView-D-AK6GRH.js                                  [39m[1m[2m   13.61 kB[22m[22m[2m │ gzip:   3.94 kB[22m
[35mn8n-editor-ui:build: [0m[2mdist/[22m[2massets/[22m[36mdialog-BwUlNsm1.js                                      [39m[1m[2m   13.67 kB[22m[22m[2m │ gzip:   4.08 kB[22m
[35mn8n-editor-ui:build: [0m[2mdist/[22m[2massets/[22m[36mAgentEditorModal-DIFrl98n.js                            [39m[1m[2m   13.82 kB[22m[22m[2m │ gzip:   3.51 kB[22m
[35mn8n-editor-ui:build: [0m[2mdist/[22m[2massets/[22m[36mSettingsApiView-CD9n-PwX.js                             [39m[1m[2m   14.03 kB[22m[22m[2m │ gzip:   3.92 kB[22m
[35mn8n-editor-ui:build: [0m[2mdist/[22m[2massets/[22m[36mMigrationRules-BVklB27u.js                              [39m[1m[2m   14.31 kB[22m[22m[2m │ gzip:   3.16 kB[22m
[35mn8n-editor-ui:build: [0m[2mdist/[22m[2massets/[22m[36mChatAgentsView-D3DC919t.js                              [39m[1m[2m   14.34 kB[22m[22m[2m │ gzip:   3.71 kB[22m
[35mn8n-editor-ui:build: [0m[2mdist/[22m[2massets/[22m[36mToolsSelectorModal-Ctx0ASnc.js                          [39m[1m[2m   14.58 kB[22m[22m[2m │ gzip:   3.89 kB[22m
[35mn8n-editor-ui:build: [0m[2mdist/[22m[2massets/[22m[36mFixedCollectionParameter-BlGgQMOX.js                    [39m[1m[2m   15.90 kB[22m[22m[2m │ gzip:   4.45 kB[22m
[35mn8n-editor-ui:build: [0m[2mdist/[22m[2massets/[22m[36mWorkflowActivator-IKzCWr1K.js                           [39m[1m[2m   16.78 kB[22m[22m[2m │ gzip:   4.50 kB[22m
[35mn8n-editor-ui:build: [0m[2mdist/[22m[2massets/[22m[36mSettingsPersonalView-Dw1FLrfQ.js                        [39m[1m[2m   16.82 kB[22m[22m[2m │ gzip:   4.09 kB[22m
[35mn8n-editor-ui:build: [0m[2mdist/[22m[2massets/[22m[36mExternalSecretsProviderConnectionSwitch.ee-BUVYh07d.js  [39m[1m[2m   16.89 kB[22m[22m[2m │ gzip:   8.22 kB[22m
[35mn8n-editor-ui:build: [0m[2mdist/[22m[2massets/[22m[36museCustomAgent-WkRG3J0c.js                              [39m[1m[2m   17.05 kB[22m[22m[2m │ gzip:   4.89 kB[22m
[35mn8n-editor-ui:build: [0m[2mdist/[22m[2massets/[22m[36mSettingsCommunityNodesView-CwD6Uboz.js                  [39m[1m[2m   17.15 kB[22m[22m[2m │ gzip:   4.38 kB[22m
[35mn8n-editor-ui:build: [0m[2mdist/[22m[2massets/[22m[36mProjectRoleView-BcVP23RZ.js                             [39m[1m[2m   17.19 kB[22m[22m[2m │ gzip:   4.20 kB[22m
[35mn8n-editor-ui:build: [0m[2mdist/[22m[2massets/[22m[36mSettingsLogStreamingView-Bpb-LAvB.js                    [39m[1m[2m   17.50 kB[22m[22m[2m │ gzip:   4.55 kB[22m
[35mn8n-editor-ui:build: [0m[2mdist/[22m[2massets/[22m[36mTestRunDetailView-2mnozmvj.js                           [39m[1m[2m   18.20 kB[22m[22m[2m │ gzip:   4.56 kB[22m
[35mn8n-editor-ui:build: [0m[2mdist/[22m[2massets/[22m[36mChatSidebar-Dopir2DT.js                                 [39m[1m[2m   18.25 kB[22m[22m[2m │ gzip:   5.01 kB[22m
[35mn8n-editor-ui:build: [0m[2mdist/[22m[2massets/[22m[36mSettingsUsageAndPlan-CcJW0Z1G.js                        [39m[1m[2m   18.41 kB[22m[22m[2m │ gzip:   4.50 kB[22m
[35mn8n-editor-ui:build: [0m[2mdist/[22m[2massets/[22m[36mEvaluationsView-CX6oJkzl.js                             [39m[1m[2m   18.67 kB[22m[22m[2m │ gzip:   4.97 kB[22m
[35mn8n-editor-ui:build: [0m[2mdist/[22m[2massets/[22m[36maiTemplatesStarterCollection.store-C0Qemng4.js          [39m[1m[2m   19.69 kB[22m[22m[2m │ gzip:   5.07 kB[22m
[35mn8n-editor-ui:build: [0m[2mdist/[22m[2massets/[22m[36mreadyToRun.store-BIyZMoO4.js                            [39m[1m[2m   19.99 kB[22m[22m[2m │ gzip:   4.99 kB[22m
[35mn8n-editor-ui:build: [0m[2mdist/[22m[2massets/[22m[36massistant.store-C07NEktK.js                             [39m[1m[2m   20.65 kB[22m[22m[2m │ gzip:   5.09 kB[22m
[35mn8n-editor-ui:build: [0m[2mdist/[22m[2massets/[22m[36mProjectVariables-C37oFrDZ.js                            [39m[1m[2m   20.77 kB[22m[22m[2m │ gzip:   5.62 kB[22m
[35mn8n-editor-ui:build: [0m[2mdist/[22m[2massets/[22m[36mCredentialsView-B410u_eZ.js                             [39m[1m[2m   21.34 kB[22m[22m[2m │ gzip:   5.94 kB[22m
[35mn8n-editor-ui:build: [0m[2mdist/[22m[2massets/[22m[36mInsightsDashboard-DBuYham7.js                           [39m[1m[2m   22.35 kB[22m[22m[2m │ gzip:   5.95 kB[22m
[35mn8n-editor-ui:build: [0m[2mdist/[22m[2massets/[22m[36museMessage-CNBKjSJH.js                                  [39m[1m[2m   22.46 kB[22m[22m[2m │ gzip:   5.87 kB[22m
[35mn8n-editor-ui:build: [0m[2mdist/[22m[2massets/[22m[36musePushConnection-C4a2MNYV.js                           [39m[1m[2m   22.50 kB[22m[22m[2m │ gzip:   5.36 kB[22m
[35mn8n-editor-ui:build: [0m[2mdist/[22m[2massets/[22m[36mExecutionsTime-C3_wcAsp.js                              [39m[1m[2m   22.98 kB[22m[22m[2m │ gzip:   4.69 kB[22m
[35mn8n-editor-ui:build: [0m[2mdist/[22m[2massets/[22m[36mEvaluationsRootView-CwBMe7n_.js                         [39m[1m[2m   23.93 kB[22m[22m[2m │ gzip:   5.07 kB[22m
[35mn8n-editor-ui:build: [0m[2mdist/[22m[2massets/[22m[36mProjectHeader-C-V0a7FI.js                               [39m[1m[2m   24.52 kB[22m[22m[2m │ gzip:   5.69 kB[22m
[35mn8n-editor-ui:build: [0m[2mdist/[22m[2massets/[22m[36mbuttons.esm-DVHjhGlL.js                                 [39m[1m[2m   24.60 kB[22m[22m[2m │ gzip:   7.53 kB[22m
[35mn8n-editor-ui:build: [0m[2mdist/[22m[2massets/[22m[36mSettingsSourceControl-agtyaxn_.js                       [39m[1m[2m   24.95 kB[22m[22m[2m │ gzip:   4.93 kB[22m
[35mn8n-editor-ui:build: [0m[2mdist/[22m[2massets/[22m[36mResourcesListLayout-DGcuhJAV.js                         [39m[1m[2m   26.86 kB[22m[22m[2m │ gzip:   6.66 kB[22m
[35mn8n-editor-ui:build: [0m[2mdist/[22m[2massets/[22m[36mmerge-DzDFK1Fo.js                                       [39m[1m[2m   27.11 kB[22m[22m[2m │ gzip:   5.68 kB[22m
[35mn8n-editor-ui:build: [0m[2mdist/[22m[2massets/[22m[36mRunDataTable-BycU-6V9.js                                [39m[1m[2m   27.34 kB[22m[22m[2m │ gzip:   6.69 kB[22m
[35mn8n-editor-ui:build: [0m[2mdist/[22m[2massets/[22m[36mWorkerView-AhG-McKX.js                                  [39m[1m[2m   27.71 kB[22m[22m[2m │ gzip:   6.23 kB[22m
[35mn8n-editor-ui:build: [0m[2mdist/[22m[2massets/[22m[36mWorkflowExecutionsPreview-OqdpGIBW.js                   [39m[1m[2m   28.08 kB[22m[22m[2m │ gzip:   6.06 kB[22m
[35mn8n-editor-ui:build: [0m[2mdist/[22m[2massets/[22m[36mchat.store-DjKOSMNj.js                                  [39m[1m[2m   31.03 kB[22m[22m[2m │ gzip:   6.82 kB[22m
[35mn8n-editor-ui:build: [0m[2mdist/[22m[2massets/[22m[36mSettingsUsersView-BVNUvoEX.js                           [39m[1m[2m   33.56 kB[22m[22m[2m │ gzip:   7.48 kB[22m
[35mn8n-editor-ui:build: [0m[2mdist/[22m[2massets/[22m[36mWorkflowExecutionsView-BD8d4uza.js                      [39m[1m[2m   34.04 kB[22m[22m[2m │ gzip:   7.92 kB[22m
[35mn8n-editor-ui:build: [0m[2mdist/[22m[2massets/[22m[36mExecutionsView-DHVd0QBc.js                              [39m[1m[2m   36.12 kB[22m[22m[2m │ gzip:   7.94 kB[22m
[35mn8n-editor-ui:build: [0m[2mdist/[22m[2massets/[22m[36museRunWorkflow-BaJWXTTA.js                              [39m[1m[2m   36.44 kB[22m[22m[2m │ gzip:   9.44 kB[22m
[35mn8n-editor-ui:build: [0m[2mdist/[22m[2massets/[22m[36mxml-BP5i5VLm.js                                         [39m[1m[2m   37.19 kB[22m[22m[2m │ gzip:   7.70 kB[22m
[35mn8n-editor-ui:build: [0m[2mdist/[22m[2massets/[22m[36museLogsTreeExpand-sipBxurn.js                           [39m[1m[2m   37.38 kB[22m[22m[2m │ gzip:   9.56 kB[22m
[35mn8n-editor-ui:build: [0m[2mdist/[22m[2massets/[22m[36mCalendarDate-B-JEhNYg.js                                [39m[1m[2m   37.38 kB[22m[22m[2m │ gzip:   7.79 kB[22m
[35mn8n-editor-ui:build: [0m[2mdist/[22m[2massets/[22m[36mItemsRenderer-hM5CRzXh.js                               [39m[1m[2m   37.64 kB[22m[22m[2m │ gzip:   8.05 kB[22m
[35mn8n-editor-ui:build: [0m[2mdist/[22m[2massets/[22m[36mvue-json-pretty-B9qWbmOF.js                             [39m[1m[2m   38.13 kB[22m[22m[2m │ gzip:  10.63 kB[22m
[35mn8n-editor-ui:build: [0m[2mdist/[22m[2massets/[22m[36mcore-C4w9LMB3.js                                        [39m[1m[2m   38.16 kB[22m[22m[2m │ gzip:  10.82 kB[22m
[35mn8n-editor-ui:build: [0m[2mdist/[22m[2massets/[22m[36mWorkflowHistory-4TnigvaO.js                             [39m[1m[2m   38.78 kB[22m[22m[2m │ gzip:   8.47 kB[22m
[35mn8n-editor-ui:build: [0m[2mdist/[22m[2massets/[22m[36mProjectSettings-B7yRokLj.js                             [39m[1m[2m   39.10 kB[22m[22m[2m │ gzip:   8.28 kB[22m
[35mn8n-editor-ui:build: [0m[2mdist/[22m[2massets/[22m[36mNodeDetailsViewV2-wCVGLU7-.js                           [39m[1m[2m   39.57 kB[22m[22m[2m │ gzip:   9.95 kB[22m
[35mn8n-editor-ui:build: [0m[2mdist/[22m[2massets/[22m[36mtemplates.store-C4ePrqoj.js                             [39m[1m[2m   39.88 kB[22m[22m[2m │ gzip:  13.21 kB[22m
[35mn8n-editor-ui:build: [0m[2mdist/[22m[2massets/[22m[36mreadyToRunWorkflows.store-BeJZS243.js                   [39m[1m[2m   40.31 kB[22m[22m[2m │ gzip:  10.28 kB[22m
[35mn8n-editor-ui:build: [0m[2mdist/[22m[2massets/[22m[36mTemplatesSearchView-DEMSiQzB.js                         [39m[1m[2m   44.31 kB[22m[22m[2m │ gzip:  10.50 kB[22m
[35mn8n-editor-ui:build: [0m[2mdist/[22m[2massets/[22m[36mNodeDetailsView-CTtHBjMe.js                             [39m[1m[2m   44.35 kB[22m[22m[2m │ gzip:  10.49 kB[22m
[35mn8n-editor-ui:build: [0m[2mdist/[22m[2massets/[22m[36mSettingsMCPView-jr0MOXTD.js                             [39m[1m[2m   46.95 kB[22m[22m[2m │ gzip:   9.09 kB[22m
[35mn8n-editor-ui:build: [0m[2mdist/[22m[2massets/[22m[36mMainSidebar-C_ycBQEO.js                                 [39m[1m[2m   48.36 kB[22m[22m[2m │ gzip:  10.30 kB[22m
[35mn8n-editor-ui:build: [0m[2mdist/[22m[2massets/[22m[36mSettingsSso-CuncG-nb.js                                 [39m[1m[2m   50.28 kB[22m[22m[2m │ gzip:   9.66 kB[22m
[35mn8n-editor-ui:build: [0m[2mdist/[22m[2massets/[22m[36msemver-DRhuIpvv.js                                      [39m[1m[2m   51.01 kB[22m[22m[2m │ gzip:  11.19 kB[22m
[35mn8n-editor-ui:build: [0m[2mdist/[22m[2massets/[22m[36mTriggerPanel-BDLwFwXS.js                                [39m[1m[2m   57.21 kB[22m[22m[2m │ gzip:  12.39 kB[22m
[35mn8n-editor-ui:build: [0m[2mdist/[22m[2massets/[22m[36mChatView-Bw4At8i0.js                                    [39m[1m[2m   60.54 kB[22m[22m[2m │ gzip:  13.51 kB[22m
[35mn8n-editor-ui:build: [0m[2mdist/[22m[2massets/[22m[36mexports-CdZcr9ah.js                                     [39m[1m[2m   61.43 kB[22m[22m[2m │ gzip:  15.92 kB[22m
[35mn8n-editor-ui:build: [0m[2mdist/[22m[2massets/[22m[36mAddDataTableModal-DPoPPOXu.js                           [39m[1m[2m   61.65 kB[22m[22m[2m │ gzip:  14.55 kB[22m
[35mn8n-editor-ui:build: [0m[2mdist/[22m[2massets/[22m[36mNodeCreator-qXzc6stq.js                                 [39m[1m[2m   63.30 kB[22m[22m[2m │ gzip:  14.20 kB[22m
[35mn8n-editor-ui:build: [0m[2mdist/[22m[2massets/[22m[36museCommandBar-C2Fs7xYA.js                               [39m[1m[2m   66.51 kB[22m[22m[2m │ gzip:  12.37 kB[22m
[35mn8n-editor-ui:build: [0m[2mdist/[22m[2massets/[22m[36mSettingsLdapView-D5_40riU.js                            [39m[1m[2m   71.14 kB[22m[22m[2m │ gzip:  14.42 kB[22m
[35mn8n-editor-ui:build: [0m[2mdist/[22m[2massets/[22m[36museCanvasOperations-BezsLhmp.js                         [39m[1m[2m   71.24 kB[22m[22m[2m │ gzip:  16.01 kB[22m
[35mn8n-editor-ui:build: [0m[2mdist/[22m[2massets/[22m[36mNodeSettings-BktbX0vN.js                                [39m[1m[2m   82.06 kB[22m[22m[2m │ gzip:  17.83 kB[22m
[35mn8n-editor-ui:build: [0m[2mdist/[22m[2massets/[22m[36mVirtualSchema-DMLrGmez.js                               [39m[1m[2m   85.09 kB[22m[22m[2m │ gzip:  22.47 kB[22m
[35mn8n-editor-ui:build: [0m[2mdist/[22m[2massets/[22m[36mMainHeader-qr_jhVcL.js                                  [39m[1m[2m   85.23 kB[22m[22m[2m │ gzip:  19.09 kB[22m
[35mn8n-editor-ui:build: [0m[2mdist/[22m[2massets/[22m[36mempty-BuGRxzl4.js                                       [39m[1m[2m   89.28 kB[22m[22m[2m │ gzip:  18.85 kB[22m
[35mn8n-editor-ui:build: [0m[2mdist/[22m[2massets/[22m[36mLogsPanel-BxtBnDpM.js                                   [39m[1m[2m   96.03 kB[22m[22m[2m │ gzip:  21.90 kB[22m
[35mn8n-editor-ui:build: [0m[2mdist/[22m[2massets/[22m[36m_baseOrderBy-B8Ze018M.js                                [39m[1m[2m  104.64 kB[22m[22m[2m │ gzip:  29.68 kB[22m
[35mn8n-editor-ui:build: [0m[2mdist/[22m[2massets/[22m[36mNodeView-B1SN761e.js                                    [39m[1m[2m  105.33 kB[22m[22m[2m │ gzip:  24.08 kB[22m
[35mn8n-editor-ui:build: [0m[2mdist/[22m[2massets/[22m[36mrouter-CaLE9M3d.js                                      [39m[1m[2m  117.66 kB[22m[22m[2m │ gzip:  26.64 kB[22m
[35mn8n-editor-ui:build: [0m[2mdist/[22m[2massets/[22m[36mnodeCreator.store-DKk7K_G8.js                           [39m[1m[2m  124.03 kB[22m[22m[2m │ gzip:  23.98 kB[22m
[35mn8n-editor-ui:build: [0m[2mdist/[22m[2massets/[22m[36mtable-D-OQlw5L.js                                       [39m[1m[2m  134.51 kB[22m[22m[2m │ gzip:  32.91 kB[22m
[35mn8n-editor-ui:build: [0m[2mdist/[22m[2massets/[22m[36mWorkflowsView-Bmt2ekVp.js                               [39m[1m[2m  136.74 kB[22m[22m[2m │ gzip:  25.49 kB[22m
[35mn8n-editor-ui:build: [0m[2mdist/[22m[2massets/[22m[36mvue-0rlD32wK.js                                         [39m[1m[2m  154.13 kB[22m[22m[2m │ gzip:  38.44 kB[22m
[35mn8n-editor-ui:build: [0m[2mdist/[22m[2massets/[22m[36mdate-picker-CIGB0Ngd.js                                 [39m[1m[2m  157.47 kB[22m[22m[2m │ gzip:  32.34 kB[22m
[35mn8n-editor-ui:build: [0m[2mdist/[22m[2massets/[22m[36mtruncate-BbEGUtp1.js                                    [39m[1m[2m  161.38 kB[22m[22m[2m │ gzip:  40.61 kB[22m
[35mn8n-editor-ui:build: [0m[2mdist/[22m[2massets/[22m[36mRunDataJsonActions-BlLPSRRN.js                          [39m[1m[2m  178.78 kB[22m[22m[2m │ gzip:  38.16 kB[22m
[35mn8n-editor-ui:build: [0m[2mdist/[22m[2massets/[22m[36mvue.runtime.esm-bundler-tP5dCd7J.js                     [39m[1m[2m  274.46 kB[22m[22m[2m │ gzip:  69.13 kB[22m
[35mn8n-editor-ui:build: [0m[2mdist/[22m[2massets/[22m[36mlanguageModules-GJLbrGx7.js                             [39m[1m[2m  297.51 kB[22m[22m[2m │ gzip:  83.30 kB[22m
[35mn8n-editor-ui:build: [0m[2mdist/[22m[2massets/[22m[36museImportCurlCommand-CtMwiwEE.js                        [39m[1m[2m  313.68 kB[22m[22m[2m │ gzip:  63.43 kB[22m
[35mn8n-editor-ui:build: [0m[2mdist/[22m[2massets/[22m[36mchart-CJDpsoBH.js                                       [39m[1m[2m  348.73 kB[22m[22m[2m │ gzip:  86.01 kB[22m
[35mn8n-editor-ui:build: [0m[2mdist/[22m[2massets/[22m[36msanitize-html-Cft-jOcY.js                               [39m[1m[2m  365.42 kB[22m[22m[2m │ gzip:  94.86 kB[22m
[35mn8n-editor-ui:build: [0m[2mdist/[22m[2massets/[22m[36museCanvasMapping-DmgdB_41.js                            [39m[1m[2m  451.29 kB[22m[22m[2m │ gzip: 102.58 kB[22m
[35mn8n-editor-ui:build: [0m[2mdist/[22m[2massets/[22m[36m_MapCache-C0Go5g9G.js                                   [39m[1m[33m  522.82 kB[39m[22m[2m │ gzip: 118.12 kB[22m
[35mn8n-editor-ui:build: [0m[2mdist/[22m[2massets/[22m[36mNDVEmptyState-CuUoUCzY.js                               [39m[1m[33m  727.35 kB[39m[22m[2m │ gzip: 183.66 kB[22m
[35mn8n-editor-ui:build: [0m[2mdist/[22m[2massets/[22m[36mbuilder.store-ipMN5C2O.js                               [39m[1m[33m  960.53 kB[39m[22m[2m │ gzip: 225.25 kB[22m
[35mn8n-editor-ui:build: [0m[2mdist/[22m[2massets/[22m[36mindex-DNUlEFUK.js                                       [39m[1m[33m1,052.59 kB[39m[22m[2m │ gzip: 220.55 kB[22m
[35mn8n-editor-ui:build: [0m[2mdist/[22m[2massets/[22m[36mes-CfTZuBuF.js                                          [39m[1m[33m1,190.50 kB[39m[22m[2m │ gzip: 324.96 kB[22m
[35mn8n-editor-ui:build: [0m[2mdist/[22m[2massets/[22m[36misEmpty-514iBK7I.js                                     [39m[1m[33m1,338.94 kB[39m[22m[2m │ gzip: 333.63 kB[22m
[35mn8n-editor-ui:build: [0m[2mdist/[22m[2massets/[22m[36mParameterInputList-BrH-de-k.js                          [39m[1m[33m1,406.01 kB[39m[22m[2m │ gzip: 348.27 kB[22m
[35mn8n-editor-ui:build: [0m[2mdist/[22m[2massets/[22m[36mDataTableDetailsView-BYAn2Kcs.js                        [39m[1m[33m1,590.14 kB[39m[22m[2m │ gzip: 355.30 kB[22m
[35mn8n-editor-ui:build: [0m[2mdist/[22m[2massets/[22m[36msrc-C5e5QW7t.js                                         [39m[1m[33m1,784.07 kB[39m[22m[2m │ gzip: 387.47 kB[22m
[35mn8n-editor-ui:build: [0m[2mdist/[22m[2massets/[22m[36mconstants-BGO4-qFX.js                                   [39m[1m[33m2,843.71 kB[39m[22m[2m │ gzip: 549.40 kB[22m
[35mn8n-editor-ui:build: [0m[33m[EVAL] Warning:[0m Use of `eval` function is strongly discouraged as it poses security risks and may cause issues with minification.
[35mn8n-editor-ui:build: [0m      [38;5;246m╭[0m[38;5;246m─[0m[38;5;246m[[0m ../../../node_modules/.pnpm/web-tree-sitter@0.24.3/node_modules/web-tree-sitter/tree-sitter.js:1195:37 [38;5;246m][0m
[35mn8n-editor-ui:build: [0m      [38;5;246m│[0m
[35mn8n-editor-ui:build: [0m [38;5;246m1195 │[0m [38;5;249m [0m[38;5;249m [0m[38;5;249m [0m[38;5;249m [0m[38;5;249m [0m[38;5;249m [0m[38;5;249m [0m[38;5;249m [0m[38;5;249m [0m[38;5;249m [0m[38;5;249m [0m[38;5;249m [0m[38;5;249m [0m[38;5;249m [0m[38;5;249m [0m[38;5;249m [0m[38;5;249mA[0m[38;5;249mS[0m[38;5;249mM[0m[38;5;249m_[0m[38;5;249mC[0m[38;5;249mO[0m[38;5;249mN[0m[38;5;249mS[0m[38;5;249mT[0m[38;5;249mS[0m[38;5;249m[[0m[38;5;249ms[0m[38;5;249mt[0m[38;5;249ma[0m[38;5;249mr[0m[38;5;249mt[0m[38;5;249m][0m[38;5;249m [0m[38;5;249m=[0m[38;5;249m [0meval[38;5;249m([0m[38;5;249mf[0m[38;5;249mu[0m[38;5;249mn[0m[38;5;249mc[0m[38;5;249m)[0m[38;5;249m;[0m
[35mn8n-editor-ui:build: [0m [38;5;240m     │[0m                                     ──┬─  
[35mn8n-editor-ui:build: [0m [38;5;240m     │[0m                                       ╰─── Use of `eval` function here.
[35mn8n-editor-ui:build: [0m[38;5;246m──────╯[0m
[35mn8n-editor-ui:build: [0m
[35mn8n-editor-ui:build: [0m[33m[EVAL] Warning:[0m Use of `eval` function is strongly discouraged as it poses security risks and may cause issues with minification.
[35mn8n-editor-ui:build: [0m      [38;5;246m╭[0m[38;5;246m─[0m[38;5;246m[[0m ../../../node_modules/.pnpm/web-tree-sitter@0.24.3/node_modules/web-tree-sitter/tree-sitter.js:1221:39 [38;5;246m][0m
[35mn8n-editor-ui:build: [0m      [38;5;246m│[0m
[35mn8n-editor-ui:build: [0m [38;5;246m1221 │[0m [38;5;249m [0m[38;5;249m [0m[38;5;249m [0m[38;5;249m [0m[38;5;249m [0m[38;5;249m [0m[38;5;249m [0m[38;5;249m [0m[38;5;249m [0m[38;5;249m [0m[38;5;249m [0m[38;5;249m [0m[38;5;249m [0m[38;5;249m [0m[38;5;249m [0m[38;5;249m [0m[38;5;249mm[0m[38;5;249mo[0m[38;5;249md[0m[38;5;249mu[0m[38;5;249ml[0m[38;5;249me[0m[38;5;249mE[0m[38;5;249mx[0m[38;5;249mp[0m[38;5;249mo[0m[38;5;249mr[0m[38;5;249mt[0m[38;5;249ms[0m[38;5;249m[[0m[38;5;249mn[0m[38;5;249ma[0m[38;5;249mm[0m[38;5;249me[0m[38;5;249m][0m[38;5;249m [0m[38;5;249m=[0m[38;5;249m [0meval[38;5;249m([0m[38;5;249mf[0m[38;5;249mu[0m[38;5;249mn[0m[38;5;249mc[0m[38;5;249m)[0m[38;5;249m;[0m
[35mn8n-editor-ui:build: [0m [38;5;240m     │[0m                                       ──┬─  
[35mn8n-editor-ui:build: [0m [38;5;240m     │[0m                                         ╰─── Use of `eval` function here.
[35mn8n-editor-ui:build: [0m[38;5;246m──────╯[0m
[35mn8n-editor-ui:build: [0m
[35mn8n-editor-ui:build: [0m✓ built in 2m 14s
[33mn8n:build: [0mcache miss, executing [2ma9a20368c132bd86[0m
[33mn8n:build: [0m
[33mn8n:build: [0m> n8n@1.123.0 build /home/nxtwave/Desktop/Nxtwave-codebase/n8n-custom/packages/cli
[33mn8n:build: [0m> tsc -p tsconfig.build.json && tsc-alias -p tsconfig.build.json && pnpm run build:data
[33mn8n:build: [0m
[33mn8n:build: [0m
[33mn8n:build: [0m> n8n@1.123.0 build:data /home/nxtwave/Desktop/Nxtwave-codebase/n8n-custom/packages/cli
[33mn8n:build: [0m> node scripts/build.mjs
[33mn8n:build: [0m

[1m Tasks:    [32m[1m39 successful[0m, 39 total[0m
[1mCached:    [1m37 cached[0m, 39 total[0m
[1m  Time:    [1m2m42.143s[0m [0m

INFO: Generating third-party licenses...
$ cd /home/nxtwave/Desktop/Nxtwave-codebase/n8n-custom && node scripts/generate-third-party-licenses.mjs
[34m🚀 Generating third-party licenses for n8n...[39m
[33m📊 Running license-checker...[39m
(node:15469) Warning: The 'NO_COLOR' env is ignored due to the 'FORCE_COLOR' env being set.
(Use `node --trace-warnings ...` to show where the warning was created)
(node:15480) Warning: The 'NO_COLOR' env is ignored due to the 'FORCE_COLOR' env being set.
(Use `pnpm --trace-warnings ...` to show where the warning was created)
(node:15491) Warning: The 'NO_COLOR' env is ignored due to the 'FORCE_COLOR' env being set.
(Use `node --trace-warnings ...` to show where the warning was created)
(node:15491) [DEP0170] DeprecationWarning: The URL git+ssh://git@github.com:apertureless/vue-chartjs.git is invalid. Future versions of Node.js will throw an error.
[32m✅ License data collected[39m
[32m✅ Parsed 2546 packages[39m
[33m📝 Building markdown document...[39m
[36m📦 Processed 2533 packages in 38 license groups[39m
[34mℹ️  Used fallback texts for: PSF, Custom: https://img.shields.io/npm/dw/, LGPL-3.0-or-later, UNKNOWN, CC-BY-3.0, (MIT OR CC0-1.0), Custom: http://en.wikipedia.org/wiki/Uuencoding, Custom: https://github.com/colinhacks/zod[39m
[32m✅ All license types have texts[39m
[32m[39m
[32m🎉 License generation completed successfully![39m
[32m📄 Output: /home/nxtwave/Desktop/Nxtwave-codebase/n8n-custom/packages/cli/THIRD_PARTY_LICENSES.md[39m
[32m📦 Packages: 2533[39m
✅ Third-party licenses generated successfully
✅ pnpm install and build completed
✅ Package build completed in 2m 48s
-----------------------------------------------
INFO: Performing pre-deploy cleanup on package.json files...
$ cd /home/nxtwave/Desktop/Nxtwave-codebase/n8n-custom && find . -name "package.json" -not -path "./node_modules/*" -not -path "*/node_modules/*" -not -path "./compiled/*" -type f
./.github/scripts/package.json
./packages/node-dev/package.json
./packages/workflow/package.json
./packages/core/package.json
./packages/testing/playwright/package.json
./packages/testing/containers/package.json
./packages/cli/package.json
./packages/nodes-base/package.json
./packages/@n8n/scan-community-package/package.json
./packages/@n8n/task-runner/package.json
./packages/@n8n/decorators/package.json
./packages/@n8n/ai-workflow-builder.ee/package.json
./packages/@n8n/imap/package.json
./packages/@n8n/vitest-config/package.json
./packages/@n8n/backend-test-utils/package.json
./packages/@n8n/extension-sdk/package.json
./packages/@n8n/utils/package.json
./packages/@n8n/api-types/package.json
./packages/@n8n/codemirror-lang/package.json
./packages/@n8n/errors/package.json
./packages/@n8n/eslint-config/package.json
./packages/@n8n/di/package.json
./packages/@n8n/stylelint-config/package.json
./packages/@n8n/create-node/package.json
./packages/@n8n/backend-common/package.json
./packages/@n8n/json-schema-to-zod/dist/cjs/package.json
./packages/@n8n/json-schema-to-zod/dist/esm/package.json
./packages/@n8n/json-schema-to-zod/package.json
./packages/@n8n/db/package.json
./packages/@n8n/constants/package.json
./packages/@n8n/client-oauth2/package.json
./packages/@n8n/typescript-config/package.json
./packages/@n8n/benchmark/package.json
./packages/@n8n/config/package.json
./packages/@n8n/nodes-langchain/package.json
./packages/@n8n/codemirror-lang-sql/package.json
./packages/@n8n/node-cli/src/template/templates/declarative/github-issues/template/package.json
./packages/@n8n/node-cli/src/template/templates/declarative/custom/template/package.json
./packages/@n8n/node-cli/src/template/templates/programmatic/example/template/package.json
./packages/@n8n/node-cli/dist/template/templates/declarative/github-issues/template/package.json
./packages/@n8n/node-cli/dist/template/templates/declarative/custom/template/package.json
./packages/@n8n/node-cli/dist/template/templates/programmatic/example/template/package.json
./packages/@n8n/node-cli/package.json
./packages/@n8n/eslint-plugin-community-nodes/package.json
./packages/@n8n/permissions/package.json
./packages/extensions/insights/package.json
./packages/frontend/editor-ui/package.json
./packages/frontend/@n8n/chat/package.json
./packages/frontend/@n8n/rest-api-client/package.json
./packages/frontend/@n8n/stores/package.json
./packages/frontend/@n8n/storybook/package.json
./packages/frontend/@n8n/i18n/package.json
./packages/frontend/@n8n/design-system/package.json
./packages/frontend/@n8n/composables/package.json
./package.json
$ cd /home/nxtwave/Desktop/Nxtwave-codebase/n8n-custom && node .github/scripts/trim-fe-packageJson.js
INFO: Performing selective patch cleanup...
✅ Kept backend patches: pdfjs-dist, pkce-challenge, bull
Removed FE/dev patches that are not in the list of backend patches to keep: pdfjs-dist, pkce-challenge, bull
INFO: Creating pruned production deployment in '/home/nxtwave/Desktop/Nxtwave-codebase/n8n-custom/compiled'...
$ cd /home/nxtwave/Desktop/Nxtwave-codebase/n8n-custom && NODE_ENV=production DOCKER_BUILD=true pnpm --filter=n8n --prod --legacy deploy --no-optional ./compiled
(node:15537) Warning: The 'NO_COLOR' env is ignored due to the 'FORCE_COLOR' env being set.
(Use `pnpm --trace-warnings ...` to show where the warning was created)
[43m[30m WARN [39m[49m Shared workspace lockfile detected but configuration forces legacy deploy implementation.
packages/cli                             | [43m[30m WARN [39m[49m [31mdeprecated[39m infisical-node@1.3.0
.                                        | [43m[30m WARN [39m[49m [31mdeprecated[39m supertest@7.1.1
packages/@n8n/codemirror-lang-sql        | [43m[30m WARN [39m[49m [31mdeprecated[39m @codemirror/text@0.19.6
packages/frontend/@n8n/i18n              | [43m[30m WARN [39m[49m [31mdeprecated[39m vue-i18n@11.1.10
packages/nodes-base                      | [43m[30m WARN [39m[49m [31mdeprecated[39m gm@1.25.1
packages/@n8n/nodes-langchain            | [43m[30m WARN [39m[49m [31mdeprecated[39m @langchain/google-vertexai@2.0.0
[43m[30m WARN [39m[49m [31m28 deprecated subdependencies found:[39m @aws-sdk/protocol-http@3.374.0, @aws-sdk/signature-v4@3.374.0, @langchain/google-common@2.0.0, @langchain/google-gauth@2.0.0, @npmcli/move-file@1.1.2, abab@2.0.6, are-we-there-yet@3.0.1, bson@6.10.0, debuglog@1.0.1, domexception@4.0.0, gauge@4.0.4, glob@7.2.3, glob@8.1.0, inflight@1.0.6, lodash.get@4.4.2, mailsplit@5.4.0, node-domexception@1.0.0, npmlog@6.0.2, osenv@0.1.5, q@2.0.3, read-installed@4.0.3, read-package-json@2.1.2, readdir-scoped-modules@1.1.0, rimraf@2.6.3, rimraf@3.0.2, source-map@0.8.0-beta.0, superagent@10.2.1, yaeti@0.0.6
[43m[30m WARN [39m[49m Issues with peer dependencies found
[0mpackages/@n8n/eslint-config[0m
└─┬ @n8n/vitest-config [90m1.5.0[39m
  ├── [31m✕ missing peer[39m vite@catalog:
  └── [93m✕ unmet peer[39m vitest@catalog:: found 3.1.3
Peer dependencies that should be installed:
  vite@catalog:

[0mpackages/@n8n/eslint-plugin-community-nodes[0m
└─┬ @n8n/vitest-config [90m1.5.0[39m
  ├── [31m✕ missing peer[39m vite@catalog:
  └── [93m✕ unmet peer[39m vitest@catalog:: found 3.1.3
Peer dependencies that should be installed:
  vite@catalog:

[0mpackages/@n8n/extension-sdk[0m
└─┬ @vitejs/plugin-vue [90m5.2.4[39m
  └── [93m✕ unmet peer[39m vite@"^5.0.0 || ^6.0.0": found 7.1.16

[0mpackages/@n8n/imap[0m
├─┬ @n8n/vitest-config [90m1.5.0[39m
│ ├── [31m✕ missing peer[39m vite@catalog:
│ └── [31m✕ missing peer[39m vitest@catalog:
└─┬ vitest-mock-extended [90m3.1.0[39m
  └── [31m✕ missing peer[39m vitest@>=3.0.0
[31m✕ Conflicting peer dependencies:[39m
[31m  vitest[39m
Peer dependencies that should be installed:
  vite@catalog:

[0mpackages/@n8n/node-cli[0m
├─┬ @n8n/vitest-config [90m1.5.0[39m
│ ├── [31m✕ missing peer[39m vite@catalog:
│ └── [93m✕ unmet peer[39m vitest@catalog:: found 3.1.3
└─┬ eslint-plugin-n8n-nodes-base [90m1.16.3[39m
  └─┬ @typescript-eslint/utils [90m6.21.0[39m
    └── [93m✕ unmet peer[39m eslint@"^7.0.0 || ^8.0.0": found 9.29.0
Peer dependencies that should be installed:
  vite@catalog:

[0mpackages/@n8n/nodes-langchain[0m
├─┬ @getzep/zep-cloud [90m1.0.6[39m
│ ├── [93m✕ unmet peer[39m langchain@~0.1.19: found 1.1.1
│ └── [93m✕ unmet peer[39m @langchain/core@~0.1.29: found 1.1.0
└─┬ @browserbasehq/stagehand [90m1.9.0[39m
  ├── [93m✕ unmet peer[39m dotenv@^16.4.5: found 17.2.3
  └── [93m✕ unmet peer[39m openai@^4.62.1: found 6.9.1

[0mpackages/@n8n/utils[0m
└─┬ @n8n/vitest-config [90m1.5.0[39m
  ├── [93m✕ unmet peer[39m vite@catalog:: found 7.1.16
  └── [93m✕ unmet peer[39m vitest@catalog:: found 3.1.3

[0mpackages/cli[0m
├─┬ epub2 [90m3.0.2[39m
│ └─┬ crlf-normalize [90m1.0.19[39m
│   └─┬ ts-type [90m3.0.1[39m
│     └── [31m✕ missing peer[39m ts-toolbelt@^9.6.0
├─┬ @n8n/n8n-nodes-langchain [90m1.122.0[39m
│ └─┬ epub2 [90m3.0.2[39m
│   └── [31m✕ missing peer[39m ts-toolbelt@^9.6.0
├─┬ @getzep/zep-cloud [90m1.0.6[39m
│ ├── [93m✕ unmet peer[39m langchain@~0.1.19: found 1.1.1
│ └── [93m✕ unmet peer[39m @langchain/core@~0.1.29: found 1.1.0
└─┬ @browserbasehq/stagehand [90m1.9.0[39m
  ├── [93m✕ unmet peer[39m dotenv@^16.4.5: found 17.2.3
  └── [93m✕ unmet peer[39m openai@^4.62.1: found 6.9.1
Peer dependencies that should be installed:
  ts-toolbelt@">=9.6.0 <10.0.0-0"

[0mpackages/extensions/insights[0m
└─┬ @n8n/extension-sdk [90m0.9.0[39m
  ├── [93m✕ unmet peer[39m vue@catalog:frontend: found 3.5.13
  └── [93m✕ unmet peer[39m vue-router@catalog:frontend: found 4.5.0

[0mpackages/frontend/@n8n/composables[0m
└─┬ @n8n/vitest-config [90m1.5.0[39m
  ├── [93m✕ unmet peer[39m vite@catalog:: found 7.1.16
  └── [93m✕ unmet peer[39m vitest@catalog:: found 3.1.3

[0mpackages/frontend/@n8n/i18n[0m
└─┬ @n8n/vitest-config [90m1.5.0[39m
  ├── [93m✕ unmet peer[39m vite@catalog:: found 7.1.16
  └── [93m✕ unmet peer[39m vitest@catalog:: found 3.1.3

[0mpackages/frontend/@n8n/rest-api-client[0m
├─┬ @n8n/i18n [90m1.27.0[39m
│ ├── [31m✕ missing peer[39m vue@catalog:frontend
│ └─┬ vue-i18n [90m11.1.10[39m
│   └── [31m✕ missing peer[39m vue@^3.0.0
└─┬ @n8n/vitest-config [90m1.5.0[39m
  ├── [93m✕ unmet peer[39m vite@catalog:: found 7.1.16
  └── [93m✕ unmet peer[39m vitest@catalog:: found 3.1.3
[31m✕ Conflicting peer dependencies:[39m
[31m  vue[39m

[0mpackages/frontend/@n8n/stores[0m
└─┬ @n8n/vitest-config [90m1.5.0[39m
  ├── [93m✕ unmet peer[39m vite@catalog:: found 7.1.16
  └── [93m✕ unmet peer[39m vitest@catalog:: found 3.1.3

[0mpackages/frontend/@n8n/storybook[0m
├─┬ @chromatic-com/storybook [90m3.2.5[39m
│ └── [93m✕ unmet peer[39m storybook@"^8.2.0 || ^8.3.0-0 || ^8.4.0-0 || ^8.5.0-0 || ^8.6.0-0": found 9.1.7
└─┬ storybook-dark-mode [90m4.0.2[39m
  ├─┬ @storybook/manager-api [90m8.6.4[39m
  │ └── [93m✕ unmet peer[39m storybook@"^8.2.0 || ^8.3.0-0 || ^8.4.0-0 || ^8.5.0-0 || ^8.6.0-0": found 9.1.7
  ├─┬ @storybook/core-events [90m8.6.14[39m
  │ └── [93m✕ unmet peer[39m storybook@"^8.2.0 || ^8.3.0-0 || ^8.4.0-0 || ^8.5.0-0 || ^8.6.0-0": found 9.1.7
  ├─┬ @storybook/theming [90m8.6.4[39m
  │ └── [93m✕ unmet peer[39m storybook@"^8.2.0 || ^8.3.0-0 || ^8.4.0-0 || ^8.5.0-0 || ^8.6.0-0": found 9.1.7
  └─┬ @storybook/components [90m8.6.4[39m
    └── [93m✕ unmet peer[39m storybook@"^8.2.0 || ^8.3.0-0 || ^8.4.0-0 || ^8.5.0-0 || ^8.6.0-0": found 9.1.7

[0mpackages/nodes-base[0m
└─┬ ts-ics [90m1.2.2[39m
  └── [93m✕ unmet peer[39m zod@3.25.67: found 4.1.12

[0mpackages/testing/playwright[0m
├─┬ n8n [90m1.123.0[39m
│ └─┬ @n8n/n8n-nodes-langchain [90m1.122.0[39m
│   ├─┬ epub2 [90m3.0.2[39m
│   │ └── [31m✕ missing peer[39m ts-toolbelt@^9.6.0
│   └─┬ @getzep/zep-cloud [90m1.0.6[39m
│     ├── ✕ unmet peer langchain@~0.1.19: found 1.1.1 in @n8n/n8n-nodes-langchain
│     └── ✕ unmet peer @langchain/core@~0.1.29: found 1.1.0 in @n8n/n8n-nodes-langchain
└─┬ @browserbasehq/stagehand [90m1.9.0[39m
  ├── [93m✕ unmet peer[39m dotenv@^16.4.5: found 17.2.3
  └── [93m✕ unmet peer[39m openai@^4.62.1: found 6.9.1
Peer dependencies that should be installed:
  ts-toolbelt@^9.6.0

[0mpackages/workflow[0m
└─┬ @n8n/vitest-config [90m1.5.0[39m
  ├── [31m✕ missing peer[39m vite@catalog:
  └── [93m✕ unmet peer[39m vitest@catalog:: found 3.1.3
Peer dependencies that should be installed:
  vite@catalog:
INFO: Creating JavaScript task runner deployment in '/home/nxtwave/Desktop/Nxtwave-codebase/n8n-custom/dist/task-runner-javascript'...
$ cd /home/nxtwave/Desktop/Nxtwave-codebase/n8n-custom && NODE_ENV=production DOCKER_BUILD=true pnpm --filter=@n8n/task-runner --prod --legacy deploy --no-optional /home/nxtwave/Desktop/Nxtwave-codebase/n8n-custom/dist/task-runner-javascript
(node:15841) Warning: The 'NO_COLOR' env is ignored due to the 'FORCE_COLOR' env being set.
(Use `pnpm --trace-warnings ...` to show where the warning was created)
[43m[30m WARN [39m[49m Shared workspace lockfile detected but configuration forces legacy deploy implementation.
.                                        | [43m[30m WARN [39m[49m [31mdeprecated[39m supertest@7.1.1
packages/@n8n/codemirror-lang-sql        | [43m[30m WARN [39m[49m [31mdeprecated[39m @codemirror/text@0.19.6
packages/frontend/@n8n/i18n              | [43m[30m WARN [39m[49m [31mdeprecated[39m vue-i18n@11.1.10
packages/nodes-base                      | [43m[30m WARN [39m[49m [31mdeprecated[39m gm@1.25.1
packages/@n8n/nodes-langchain            | [43m[30m WARN [39m[49m [31mdeprecated[39m @langchain/google-vertexai@2.0.0
packages/cli                             | [43m[30m WARN [39m[49m [31mdeprecated[39m infisical-node@1.3.0
[43m[30m WARN [39m[49m [31m28 deprecated subdependencies found:[39m @aws-sdk/protocol-http@3.374.0, @aws-sdk/signature-v4@3.374.0, @langchain/google-common@2.0.0, @langchain/google-gauth@2.0.0, @npmcli/move-file@1.1.2, abab@2.0.6, are-we-there-yet@3.0.1, bson@6.10.0, debuglog@1.0.1, domexception@4.0.0, gauge@4.0.4, glob@7.2.3, glob@8.1.0, inflight@1.0.6, lodash.get@4.4.2, mailsplit@5.4.0, node-domexception@1.0.0, npmlog@6.0.2, osenv@0.1.5, q@2.0.3, read-installed@4.0.3, read-package-json@2.1.2, readdir-scoped-modules@1.1.0, rimraf@2.6.3, rimraf@3.0.2, source-map@0.8.0-beta.0, superagent@10.2.1, yaeti@0.0.6
[43m[30m WARN [39m[49m Issues with peer dependencies found
[0mpackages/@n8n/eslint-config[0m
└─┬ @n8n/vitest-config [90m1.5.0[39m
  ├── [31m✕ missing peer[39m vite@catalog:
  └── [93m✕ unmet peer[39m vitest@catalog:: found 3.1.3
Peer dependencies that should be installed:
  vite@catalog:

[0mpackages/@n8n/eslint-plugin-community-nodes[0m
└─┬ @n8n/vitest-config [90m1.5.0[39m
  ├── [31m✕ missing peer[39m vite@catalog:
  └── [93m✕ unmet peer[39m vitest@catalog:: found 3.1.3
Peer dependencies that should be installed:
  vite@catalog:

[0mpackages/@n8n/extension-sdk[0m
└─┬ @vitejs/plugin-vue [90m5.2.4[39m
  └── [93m✕ unmet peer[39m vite@"^5.0.0 || ^6.0.0": found 7.1.16

[0mpackages/@n8n/imap[0m
├─┬ @n8n/vitest-config [90m1.5.0[39m
│ ├── [31m✕ missing peer[39m vite@catalog:
│ └── [31m✕ missing peer[39m vitest@catalog:
└─┬ vitest-mock-extended [90m3.1.0[39m
  └── [31m✕ missing peer[39m vitest@>=3.0.0
[31m✕ Conflicting peer dependencies:[39m
[31m  vitest[39m
Peer dependencies that should be installed:
  vite@catalog:

[0mpackages/@n8n/node-cli[0m
├─┬ @n8n/vitest-config [90m1.5.0[39m
│ ├── [31m✕ missing peer[39m vite@catalog:
│ └── [93m✕ unmet peer[39m vitest@catalog:: found 3.1.3
└─┬ eslint-plugin-n8n-nodes-base [90m1.16.3[39m
  └─┬ @typescript-eslint/utils [90m6.21.0[39m
    └── [93m✕ unmet peer[39m eslint@"^7.0.0 || ^8.0.0": found 9.29.0
Peer dependencies that should be installed:
  vite@catalog:

[0mpackages/@n8n/nodes-langchain[0m
├─┬ @getzep/zep-cloud [90m1.0.6[39m
│ ├── [93m✕ unmet peer[39m langchain@~0.1.19: found 1.1.1
│ └── [93m✕ unmet peer[39m @langchain/core@~0.1.29: found 1.1.0
└─┬ @browserbasehq/stagehand [90m1.9.0[39m
  ├── [93m✕ unmet peer[39m dotenv@^16.4.5: found 17.2.3
  └── [93m✕ unmet peer[39m openai@^4.62.1: found 6.9.1

[0mpackages/@n8n/utils[0m
└─┬ @n8n/vitest-config [90m1.5.0[39m
  ├── [93m✕ unmet peer[39m vite@catalog:: found 7.1.16
  └── [93m✕ unmet peer[39m vitest@catalog:: found 3.1.3

[0mpackages/cli[0m
├─┬ epub2 [90m3.0.2[39m
│ └─┬ crlf-normalize [90m1.0.19[39m
│   └─┬ ts-type [90m3.0.1[39m
│     └── [31m✕ missing peer[39m ts-toolbelt@^9.6.0
├─┬ @n8n/n8n-nodes-langchain [90m1.122.0[39m
│ └─┬ epub2 [90m3.0.2[39m
│   └── [31m✕ missing peer[39m ts-toolbelt@^9.6.0
├─┬ @getzep/zep-cloud [90m1.0.6[39m
│ ├── [93m✕ unmet peer[39m langchain@~0.1.19: found 1.1.1
│ └── [93m✕ unmet peer[39m @langchain/core@~0.1.29: found 1.1.0
└─┬ @browserbasehq/stagehand [90m1.9.0[39m
  ├── [93m✕ unmet peer[39m dotenv@^16.4.5: found 17.2.3
  └── [93m✕ unmet peer[39m openai@^4.62.1: found 6.9.1
Peer dependencies that should be installed:
  ts-toolbelt@">=9.6.0 <10.0.0-0"

[0mpackages/extensions/insights[0m
└─┬ @n8n/extension-sdk [90m0.9.0[39m
  ├── [93m✕ unmet peer[39m vue@catalog:frontend: found 3.5.13
  └── [93m✕ unmet peer[39m vue-router@catalog:frontend: found 4.5.0

[0mpackages/frontend/@n8n/composables[0m
└─┬ @n8n/vitest-config [90m1.5.0[39m
  ├── [93m✕ unmet peer[39m vite@catalog:: found 7.1.16
  └── [93m✕ unmet peer[39m vitest@catalog:: found 3.1.3

[0mpackages/frontend/@n8n/i18n[0m
└─┬ @n8n/vitest-config [90m1.5.0[39m
  ├── [93m✕ unmet peer[39m vite@catalog:: found 7.1.16
  └── [93m✕ unmet peer[39m vitest@catalog:: found 3.1.3

[0mpackages/frontend/@n8n/rest-api-client[0m
├─┬ @n8n/i18n [90m1.27.0[39m
│ ├── [31m✕ missing peer[39m vue@catalog:frontend
│ └─┬ vue-i18n [90m11.1.10[39m
│   └── [31m✕ missing peer[39m vue@^3.0.0
└─┬ @n8n/vitest-config [90m1.5.0[39m
  ├── [93m✕ unmet peer[39m vite@catalog:: found 7.1.16
  └── [93m✕ unmet peer[39m vitest@catalog:: found 3.1.3
[31m✕ Conflicting peer dependencies:[39m
[31m  vue[39m

[0mpackages/frontend/@n8n/stores[0m
└─┬ @n8n/vitest-config [90m1.5.0[39m
  ├── [93m✕ unmet peer[39m vite@catalog:: found 7.1.16
  └── [93m✕ unmet peer[39m vitest@catalog:: found 3.1.3

[0mpackages/frontend/@n8n/storybook[0m
├─┬ @chromatic-com/storybook [90m3.2.5[39m
│ └── [93m✕ unmet peer[39m storybook@"^8.2.0 || ^8.3.0-0 || ^8.4.0-0 || ^8.5.0-0 || ^8.6.0-0": found 9.1.7
└─┬ storybook-dark-mode [90m4.0.2[39m
  ├─┬ @storybook/manager-api [90m8.6.4[39m
  │ └── [93m✕ unmet peer[39m storybook@"^8.2.0 || ^8.3.0-0 || ^8.4.0-0 || ^8.5.0-0 || ^8.6.0-0": found 9.1.7
  ├─┬ @storybook/core-events [90m8.6.14[39m
  │ └── [93m✕ unmet peer[39m storybook@"^8.2.0 || ^8.3.0-0 || ^8.4.0-0 || ^8.5.0-0 || ^8.6.0-0": found 9.1.7
  ├─┬ @storybook/theming [90m8.6.4[39m
  │ └── [93m✕ unmet peer[39m storybook@"^8.2.0 || ^8.3.0-0 || ^8.4.0-0 || ^8.5.0-0 || ^8.6.0-0": found 9.1.7
  └─┬ @storybook/components [90m8.6.4[39m
    └── [93m✕ unmet peer[39m storybook@"^8.2.0 || ^8.3.0-0 || ^8.4.0-0 || ^8.5.0-0 || ^8.6.0-0": found 9.1.7

[0mpackages/nodes-base[0m
└─┬ ts-ics [90m1.2.2[39m
  └── [93m✕ unmet peer[39m zod@3.25.67: found 4.1.12

[0mpackages/testing/playwright[0m
├─┬ n8n [90m1.123.0[39m
│ └─┬ @n8n/n8n-nodes-langchain [90m1.122.0[39m
│   ├─┬ epub2 [90m3.0.2[39m
│   │ └── [31m✕ missing peer[39m ts-toolbelt@^9.6.0
│   └─┬ @getzep/zep-cloud [90m1.0.6[39m
│     ├── ✕ unmet peer langchain@~0.1.19: found 1.1.1 in @n8n/n8n-nodes-langchain
│     └── ✕ unmet peer @langchain/core@~0.1.29: found 1.1.0 in @n8n/n8n-nodes-langchain
└─┬ @browserbasehq/stagehand [90m1.9.0[39m
  ├── [93m✕ unmet peer[39m dotenv@^16.4.5: found 17.2.3
  └── [93m✕ unmet peer[39m openai@^4.62.1: found 6.9.1
Peer dependencies that should be installed:
  ts-toolbelt@^9.6.0

[0mpackages/workflow[0m
└─┬ @n8n/vitest-config [90m1.5.0[39m
  ├── [31m✕ missing peer[39m vite@catalog:
  └── [93m✕ unmet peer[39m vitest@catalog:: found 3.1.3
Peer dependencies that should be installed:
  vite@catalog:
$ du -sh /home/nxtwave/Desktop/Nxtwave-codebase/n8n-custom/compiled | cut -f1
1.1G
$ du -sh /home/nxtwave/Desktop/Nxtwave-codebase/n8n-custom/dist/task-runner-javascript | cut -f1
174M
✅ Package deployment completed in 1m 6s
INFO: Size of /home/nxtwave/Desktop/Nxtwave-codebase/n8n-custom/compiled: 1.1G
-----------------------------------------------

================ BUILD SUMMARY ================
✅ n8n built successfully!

📦 Build Output:
   n8n:
   Directory:      /home/nxtwave/Desktop/Nxtwave-codebase/n8n-custom/compiled
   Size:           1.1G

   task-runner-javascript:
   Directory:      /home/nxtwave/Desktop/Nxtwave-codebase/n8n-custom/dist/task-runner-javascript
   Size:           174M

⏱️  Build Times:
   Package Build:  2m 48s
   Package Deploy: 1m 6s
   -----------------------------
   Total Time:     3m 58s

📋 Build Manifests:
   /home/nxtwave/Desktop/Nxtwave-codebase/n8n-custom/compiled/build-manifest.json
   /home/nxtwave/Desktop/Nxtwave-codebase/n8n-custom/dist/task-runner-javascript/build-manifest.json
==============================================
